Workbook

Sheet Raw Data
A1: Sector | B1: Year | C1: Month | D1: Cereals and products | E1: Meat and fish | F1: Egg | G1: Milk and products | H1: Oils and fats | I1: Fruits | J1: Vegetables | K1: Pulses and products | L1: Sugar and Confectionery | M1: Spices | N1: Non-alcoholic beverages | O1: Prepared meals, snacks, sweets etc. | P1: Food and beverages | Q1: Pan, tobacco and intoxicants | R1: Clothing | S1: Footwear | T1: Clothing and footwear | U1: Housing | V1: Fuel and light | W1: Household goods and services | X1: Health | Y1: Transport and communication | Z1: Recreation and amusement | AA1: Education | AB1: Personal care and effects | AC1: Miscellaneous | AD1: General index
A2: Rural | B2: 2013 | C2: January | D2: 107.5 | E2: 106.3 | F2: 108.1 | G2: 104.9 | H2: 106.1 | I2: 103.9 | J2: 101.9 | K2: 106.1 | L2: 106.8 | M2: 103.1 | N2: 104.8 | O2: 106.7 | P2: 105.5 | Q2: 105.1 | R2: 106.5 | S2: 105.8 | T2: 106.4 | U2: NA | V2: 105.5 | W2: 104.8 | X2: 104 | Y2: 103.3 | Z2: 103.4 | AA2: 103.8 | AB2: 104.7 | AC2: 104 | AD2: 105.1
A3: Urban | B3: 2013 | C3: January | D3: 110.5 | E3: 109.1 | F3: 113 | G3: 103.6 | H3: 103.4 | I3: 102.3 | J3: 102.9 | K3: 105.8 | L3: 105.1 | M3: 101.8 | N3: 105.1 | O3: 107.9 | P3: 105.9 | Q3: 105.2 | R3: 105.9 | S3: 105 | T3: 105.8 | U3: 100.3 | V3: 105.4 | W3: 104.8 | X3: 104.1 | Y3: 103.2 | Z3: 102.9 | AA3: 103.5 | AB3: 104.3 | AC3: 103.7 | AD3: 104
A4: Rural+Urban | B4: 2013 | C4: January | D4: 108.4 | E4: 107.3 | F4: 110 | G4: 104.4 | H4: 105.1 | I4: 103.2 | J4: 102.2 | K4: 106 | L4: 106.2 | M4: 102.7 | N4: 104.9 | O4: 107.3 | P4: 105.6 | Q4: 105.1 | R4: 106.3 | S4: 105.5 | T4: 106.2 | U4: 100.3 | V4: 105.5 | W4: 104.8 | X4: 104 | Y4: 103.2 | Z4: 103.1 | AA4: 103.6 | AB4: 104.5 | AC4: 103.9 | AD4: 104.6
A5: Rural | B5: 2013 | C5: February | D5: 109.2 | E5: 108.7 | F5: 110.2 | G5: 105.4 | H5: 106.7 | I5: 104 | J5: 102.4 | K5: 105.9 | L5: 105.7 | M5: 103.1 | N5: 105.1 | O5: 107.7 | P5: 106.3 | Q5: 105.6 | R5: 107.1 | S5: 106.3 | T5: 107 | U5: NA | V5: 106.2 | W5: 105.2 | X5: 104.4 | Y5: 103.9 | Z5: 104 | AA5: 104.1 | AB5: 104.6 | AC5: 104.4 | AD5: 105.8
A6: Urban | B6: 2013 | C6: February | D6: 112.9 | E6: 112.9 | F6: 116.9 | G6: 104 | H6: 103.5 | I6: 103.1 | J6: 104.9 | K6: 104.1 | L6: 103.8 | M6: 102.3 | N6: 106 | O6: 109 | P6: 107.2 | Q6: 106 | R6: 106.6 | S6: 105.5 | T6: 106.4 | U6: 100.4 | V6: 105.7 | W6: 105.2 | X6: 104.7 | Y6: 104.4 | Z6: 103.3 | AA6: 103.7 | AB6: 104.3 | AC6: 104.3 | AD6: 104.7
A7: Rural+Urban | B7: 2013 | C7: February | D7: 110.4 | E7: 110.2 | F7: 112.8 | G7: 104.9 | H7: 105.5 | I7: 103.6 | J7: 103.2 | K7: 105.3 | L7: 105.1 | M7: 102.8 | N7: 105.5 | O7: 108.3 | P7: 106.6 | Q7: 105.7 | R7: 106.9 | S7: 106 | T7: 106.8 | U7: 100.4 | V7: 106 | W7: 105.2 | X7: 104.5 | Y7: 104.2 | Z7: 103.6 | AA7: 103.9 | AB7: 104.5 | AC7: 104.4 | AD7: 105.3
A8: Rural | B8: 2013 | C8: March | D8: 110.2 | E8: 108.8 | F8: 109.9 | G8: 105.6 | H8: 106.2 | I8: 105.7 | J8: 101.4 | K8: 105.7 | L8: 105 | M8: 103.3 | N8: 105.6 | O8: 108.2 | P8: 106.6 | Q8: 106.5 | R8: 107.6 | S8: 106.8 | T8: 107.5 | U8: NA | V8: 106.1 | W8: 105.6 | X8: 104.7 | Y8: 104.6 | Z8: 104 | AA8: 104.3 | AB8: 104.3 | AC8: 104.6 | AD8: 106
A9: Urban | B9: 2013 | C9: March | D9: 113.9 | E9: 111.4 | F9: 113.2 | G9: 104.3 | H9: 102.7 | I9: 104.9 | J9: 103.8 | K9: 103.5 | L9: 102.6 | M9: 102.4 | N9: 107 | O9: 109.8 | P9: 107.3 | Q9: 106.8 | R9: 107.2 | S9: 106 | T9: 107 | U9: 100.4 | V9: 106 | W9: 105.7 | X9: 105.2 | Y9: 105.5 | Z9: 103.5 | AA9: 103.8 | AB9: 104.2 | AC9: 104.9 | AD9: 105
A10: Rural+Urban | B10: 2013 | C10: March | D10: 111.4 | E10: 109.7 | F10: 111.2 | G10: 105.1 | H10: 104.9 | I10: 105.3 | J10: 102.2 | K10: 105 | L10: 104.2 | M10: 103 | N10: 106.2 | O10: 108.9 | P10: 106.9 | Q10: 106.6 | R10: 107.4 | S10: 106.5 | T10: 107.3 | U10: 100.4 | V10: 106.1 | W10: 105.6 | X10: 104.9 | Y10: 105.1 | Z10: 103.7 | AA10: 104 | AB10: 104.3 | AC10: 104.7 | AD10: 105.5
A11: Rural | B11: 2013 | C11: April | D11: 110.2 | E11: 109.5 | F11: 106.9 | G11: 106.3 | H11: 105.7 | I11: 108.3 | J11: 103.4 | K11: 105.7 | L11: 104.2 | M11: 103.2 | N11: 106.5 | O11: 108.8 | P11: 107.1 | Q11: 107.1 | R11: 108.1 | S11: 107.4 | T11: 108 | U11: NA | V11: 106.5 | W11: 106.1 | X11: 105.1 | Y11: 104.4 | Z11: 104.5 | AA11: 104.8 | AB11: 102.7 | AC11: 104.6 | AD11: 106.4
A12: Urban | B12: 2013 | C12: April | D12: 114.6 | E12: 113.4 | F12: 106 | G12: 104.7 | H12: 102.1 | I12: 109.5 | J12: 109.7 | K12: 104.6 | L12: 102 | M12: 103.5 | N12: 108.2 | O12: 110.6 | P12: 108.8 | Q12: 108.5 | R12: 107.9 | S12: 106.4 | T12: 107.7 | U12: 100.5 | V12: 106.4 | W12: 106.5 | X12: 105.7 | Y12: 105 | Z12: 104 | AA12: 105.2 | AB12: 103.2 | AC12: 105.1 | AD12: 105.7
A13: Rural+Urban | B13: 2013 | C13: April | D13: 111.6 | E13: 110.9 | F13: 106.6 | G13: 105.7 | H13: 104.4 | I13: 108.9 | J13: 105.5 | K13: 105.3 | L13: 103.5 | M13: 103.3 | N13: 107.2 | O13: 109.6 | P13: 107.7 | Q13: 107.5 | R13: 108 | S13: 107 | T13: 107.9 | U13: 100.5 | V13: 106.5 | W13: 106.3 | X13: 105.3 | Y13: 104.7 | Z13: 104.2 | AA13: 105 | AB13: 102.9 | AC13: 104.8 | AD13: 106.1
A14: Rural | B14: 2013 | C14: May | D14: 110.9 | E14: 109.8 | F14: 105.9 | G14: 107.5 | H14: 105.3 | I14: 108.1 | J14: 107.3 | K14: 106.1 | L14: 103.7 | M14: 104 | N14: 107.4 | O14: 109.9 | P14: 108.1 | Q14: 108.1 | R14: 108.8 | S14: 107.9 | T14: 108.6 | U14: NA | V14: 107.5 | W14: 106.8 | X14: 105.7 | Y14: 104.1 | Z14: 105 | AA14: 105.5 | AB14: 102.1 | AC14: 104.8 | AD14: 107.2
A15: Urban | B15: 2013 | C15: May | D15: 115.4 | E15: 114.2 | F15: 102.7 | G15: 105.5 | H15: 101.5 | I15: 110.6 | J15: 123.7 | K15: 105.2 | L15: 101.9 | M15: 105 | N15: 109.1 | O15: 111.3 | P15: 111.1 | Q15: 109.8 | R15: 108.5 | S15: 106.7 | T15: 108.3 | U15: 100.5 | V15: 107.2 | W15: 107.1 | X15: 106.2 | Y15: 103.9 | Z15: 104.6 | AA15: 105.7 | AB15: 102.6 | AC15: 104.9 | AD15: 106.6
A16: Rural+Urban | B16: 2013 | C16: May | D16: 112.3 | E16: 111.3 | F16: 104.7 | G16: 106.8 | H16: 103.9 | I16: 109.3 | J16: 112.9 | K16: 105.8 | L16: 103.1 | M16: 104.3 | N16: 108.1 | O16: 110.5 | P16: 109.2 | Q16: 108.6 | R16: 108.7 | S16: 107.4 | T16: 108.5 | U16: 100.5 | V16: 107.4 | W16: 106.9 | X16: 105.9 | Y16: 104 | Z16: 104.8 | AA16: 105.6 | AB16: 102.3 | AC16: 104.8 | AD16: 106.9
A17: Rural | B17: 2013 | C17: June | D17: 112.3 | E17: 112.1 | F17: 108.1 | G17: 108.3 | H17: 105.9 | I17: 109.2 | J17: 118 | K17: 106.8 | L17: 104.1 | M17: 105.4 | N17: 108.2 | O17: 111 | P17: 110.6 | Q17: 109 | R17: 109.7 | S17: 108.8 | T17: 109.5 | U17: NA | V17: 108.5 | W17: 107.5 | X17: 106.3 | Y17: 105 | Z17: 105.6 | AA17: 106.5 | AB17: 102.5 | AC17: 105.5 | AD17: 108.9
A18: Urban | B18: 2013 | C18: June | D18: 117 | E18: 120.1 | F18: 112.5 | G18: 107.3 | H18: 101.3 | I18: 112.4 | J18: 143.6 | K18: 105.4 | L18: 101.4 | M18: 106.4 | N18: 110 | O18: 112.2 | P18: 115 | Q18: 110.9 | R18: 109.2 | S18: 107.2 | T18: 108.9 | U18: 106.6 | V18: 108 | W18: 107.7 | X18: 106.5 | Y18: 105.2 | Z18: 105.2 | AA18: 108.1 | AB18: 103.3 | AC18: 106.1 | AD18: 109.7
A19: Rural+Urban | B19: 2013 | C19: June | D19: 113.8 | E19: 114.9 | F19: 109.8 | G19: 107.9 | H19: 104.2 | I19: 110.7 | J19: 126.7 | K19: 106.3 | L19: 103.2 | M19: 105.7 | N19: 109 | O19: 111.6 | P19: 112.2 | Q19: 109.5 | R19: 109.5 | S19: 108.1 | T19: 109.3 | U19: 106.6 | V19: 108.3 | W19: 107.6 | X19: 106.4 | Y19: 105.1 | Z19: 105.4 | AA19: 107.4 | AB19: 102.8 | AC19: 105.8 | AD19: 109.3
A20: Rural | B20: 2013 | C20: July | D20: 113.4 | E20: 114.9 | F20: 110.5 | G20: 109.3 | H20: 106.2 | I20: 110.3 | J20: 129.2 | K20: 107.1 | L20: 104.3 | M20: 106.4 | N20: 109.1 | O20: 112.1 | P20: 113.1 | Q20: 109.8 | R20: 110.5 | S20: 109.5 | T20: 110.3 | U20: NA | V20: 109.5 | W20: 108.3 | X20: 106.9 | Y20: 106.8 | Z20: 106.4 | AA20: 107.8 | AB20: 102.5 | AC20: 106.5 | AD20: 110.7
A21: Urban | B21: 2013 | C21: July | D21: 117.8 | E21: 119.2 | F21: 114 | G21: 108.3 | H21: 101.1 | I21: 113.2 | J21: 160.9 | K21: 105.1 | L21: 101.3 | M21: 107.5 | N21: 110.4 | O21: 113.1 | P21: 117.5 | Q21: 111.7 | R21: 109.8 | S21: 107.8 | T21: 109.5 | U21: 107.7 | V21: 108.6 | W21: 108.1 | X21: 107.1 | Y21: 107.3 | Z21: 105.9 | AA21: 110.1 | AB21: 103.2 | AC21: 107.3 | AD21: 111.4
A22: Rural+Urban | B22: 2013 | C22: July | D22: 114.8 | E22: 116.4 | F22: 111.9 | G22: 108.9 | H22: 104.3 | I22: 111.7 | J22: 140 | K22: 106.4 | L22: 103.3 | M22: 106.8 | N22: 109.6 | O22: 112.6 | P22: 114.7 | Q22: 110.3 | R22: 110.2 | S22: 108.8 | T22: 110 | U22: 107.7 | V22: 109.2 | W22: 108.2 | X22: 107 | Y22: 107.1 | Z22: 106.1 | AA22: 109.1 | AB22: 102.8 | AC22: 106.9 | AD22: 111
A23: Rural | B23: 2013 | C23: August | D23: 114.3 | E23: 115.4 | F23: 111.1 | G23: 110 | H23: 106.4 | I23: 110.8 | J23: 138.9 | K23: 107.4 | L23: 104.1 | M23: 106.9 | N23: 109.7 | O23: 112.6 | P23: 114.9 | Q23: 110.7 | R23: 111.3 | S23: 110.2 | T23: 111.1 | U23: NA | V23: 109.9 | W23: 108.7 | X23: 107.5 | Y23: 107.8 | Z23: 106.8 | AA23: 108.7 | AB23: 105 | AC23: 107.5 | AD23: 112.1
A24: Urban | B24: 2013 | C24: August | D24: 118.3 | E24: 120.4 | F24: 112.7 | G24: 108.9 | H24: 101.1 | I24: 108.7 | J24: 177 | K24: 104.7 | L24: 101 | M24: 108.5 | N24: 110.9 | O24: 114.3 | P24: 119.6 | Q24: 112.4 | R24: 110.6 | S24: 108.3 | T24: 110.2 | U24: 108.9 | V24: 109.3 | W24: 108.7 | X24: 107.6 | Y24: 108.1 | Z24: 106.5 | AA24: 110.8 | AB24: 106 | AC24: 108.3 | AD24: 112.7
A25: Rural+Urban | B25: 2013 | C25: August | D25: 115.6 | E25: 117.2 | F25: 111.7 | G25: 109.6 | H25: 104.5 | I25: 109.8 | J25: 151.8 | K25: 106.5 | L25: 103.1 | M25: 107.4 | N25: 110.2 | O25: 113.4 | P25: 116.6 | Q25: 111.2 | R25: 111 | S25: 109.4 | T25: 110.7 | U25: 108.9 | V25: 109.7 | W25: 108.7 | X25: 107.5 | Y25: 108 | Z25: 106.6 | AA25: 109.9 | AB25: 105.4 | AC25: 107.9 | AD25: 112.4
A26: Rural | B26: 2013 | C26: September | D26: 115.4 | E26: 115.7 | F26: 111.7 | G26: 111 | H26: 107.4 | I26: 110.9 | J26: 154 | K26: 108.1 | L26: 104.2 | M26: 107.9 | N26: 110.4 | O26: 114 | P26: 117.8 | Q26: 111.7 | R26: 112.7 | S26: 111.4 | T26: 112.5 | U26: NA | V26: 111.1 | W26: 109.6 | X26: 108.3 | Y26: 109.3 | Z26: 107.7 | AA26: 109.8 | AB26: 106.7 | AC26: 108.7 | AD26: 114.2
A27: Urban | B27: 2013 | C27: September | D27: 118.6 | E27: 119.1 | F27: 113.2 | G27: 109.6 | H27: 101.7 | I27: 103.2 | J27: 174.3 | K27: 105.1 | L27: 100.8 | M27: 109.1 | N27: 111.1 | O27: 115.4 | P27: 119.2 | Q27: 112.9 | R27: 111.4 | S27: 109 | T27: 111.1 | U27: 109.7 | V27: 109.5 | W27: 109.6 | X27: 107.9 | Y27: 110.4 | Z27: 107.4 | AA27: 111.2 | AB27: 106.9 | AC27: 109.4 | AD27: 113.2
A28: Rural+Urban | B28: 2013 | C28: September | D28: 116.4 | E28: 116.9 | F28: 112.3 | G28: 110.5 | H28: 105.3 | I28: 107.3 | J28: 160.9 | K28: 107.1 | L28: 103.1 | M28: 108.3 | N28: 110.7 | O28: 114.6 | P28: 118.3 | Q28: 112 | R28: 112.2 | S28: 110.4 | T28: 111.9 | U28: 109.7 | V28: 110.5 | W28: 109.6 | X28: 108.1 | Y28: 109.9 | Z28: 107.5 | AA28: 110.6 | AB28: 106.8 | AC28: 109 | AD28: 113.7
A29: Rural | B29: 2013 | C29: October | D29: 116.3 | E29: 115.4 | F29: 112.6 | G29: 111.7 | H29: 107.7 | I29: 113.2 | J29: 164.9 | K29: 108.3 | L29: 103.9 | M29: 108.2 | N29: 111.1 | O29: 114.9 | P29: 119.8 | Q29: 112.2 | R29: 113.6 | S29: 112.3 | T29: 113.4 | U29: NA | V29: 111.6 | W29: 110.4 | X29: 108.9 | Y29: 109.3 | Z29: 108.3 | AA29: 110.2 | AB29: 107.5 | AC29: 109.1 | AD29: 115.5
A30: Urban | B30: 2013 | C30: October | D30: 118.9 | E30: 118.1 | F30: 114.5 | G30: 110.4 | H30: 102.3 | I30: 106.2 | J30: 183.5 | K30: 105.3 | L30: 100.2 | M30: 109.6 | N30: 111.4 | O30: 116 | P30: 120.8 | Q30: 113.5 | R30: 112.5 | S30: 109.7 | T30: 112 | U30: 110.5 | V30: 109.7 | W30: 110.2 | X30: 108.2 | Y30: 109.7 | Z30: 108 | AA30: 111.3 | AB30: 107.3 | AC30: 109.4 | AD30: 114
A31: Rural+Urban | B31: 2013 | C31: October | D31: 117.1 | E31: 116.3 | F31: 113.3 | G31: 111.2 | H31: 105.7 | I31: 109.9 | J31: 171.2 | K31: 107.3 | L31: 102.7 | M31: 108.7 | N31: 111.2 | O31: 115.4 | P31: 120.2 | Q31: 112.5 | R31: 113.2 | S31: 111.2 | T31: 112.8 | U31: 110.5 | V31: 110.9 | W31: 110.3 | X31: 108.6 | Y31: 109.5 | Z31: 108.1 | AA31: 110.8 | AB31: 107.4 | AC31: 109.2 | AD31: 114.8
A32: Rural | B32: 2013 | C32: November | D32: 117.3 | E32: 114.9 | F32: 116.2 | G32: 112.8 | H32: 108.9 | I32: 116.6 | J32: 178.1 | K32: 109.1 | L32: 103.6 | M32: 109 | N32: 111.8 | O32: 116 | P32: 122.5 | Q32: 112.8 | R32: 114.6 | S32: 113.1 | T32: 114.4 | U32: NA | V32: 112.6 | W32: 111.3 | X32: 109.7 | Y32: 109.6 | Z32: 108.7 | AA32: 111 | AB32: 108.2 | AC32: 109.8 | AD32: 117.4
A33: Urban | B33: 2013 | C33: November | D33: 119.8 | E33: 116.3 | F33: 122.6 | G33: 112 | H33: 103.2 | I33: 110 | J33: 192.8 | K33: 106.3 | L33: 99.5 | M33: 110.3 | N33: 111.8 | O33: 117.1 | P33: 122.9 | Q33: 114.1 | R33: 113.5 | S33: 110.3 | T33: 113 | U33: 111.1 | V33: 110 | W33: 110.9 | X33: 108.6 | Y33: 109.5 | Z33: 108.5 | AA33: 111.3 | AB33: 107.9 | AC33: 109.6 | AD33: 115
A34: Rural+Urban | B34: 2013 | C34: November | D34: 118.1 | E34: 115.4 | F34: 118.7 | G34: 112.5 | H34: 106.8 | I34: 113.5 | J34: 183.1 | K34: 108.2 | L34: 102.2 | M34: 109.4 | N34: 111.8 | O34: 116.5 | P34: 122.6 | Q34: 113.1 | R34: 114.2 | S34: 111.9 | T34: 113.8 | U34: 111.1 | V34: 111.6 | W34: 111.1 | X34: 109.3 | Y34: 109.5 | Z34: 108.6 | AA34: 111.2 | AB34: 108.1 | AC34: 109.7 | AD34: 116.3
A35: Rural | B35: 2013 | C35: December | D35: 118.4 | E35: 115.9 | F35: 120.4 | G35: 113.8 | H35: 109.5 | I35: 115.5 | J35: 145.7 | K35: 109.5 | L35: 102.9 | M35: 109.8 | N35: 112.1 | O35: 116.8 | P35: 118.7 | Q35: 113.6 | R35: 115.8 | S35: 114 | T35: 115.5 | U35: NA | V35: 112.8 | W35: 112.1 | X35: 110.1 | Y35: 109.9 | Z35: 109.2 | AA35: 111.6 | AB35: 108.1 | AC35: 110.1 | AD35: 115.5
A36: Urban | B36: 2013 | C36: December | D36: 120.5 | E36: 118.1 | F36: 128.5 | G36: 112.8 | H36: 103.4 | I36: 110.7 | J36: 144.8 | K36: 107.1 | L36: 98.6 | M36: 111.9 | N36: 112.1 | O36: 118.1 | P36: 117.8 | Q36: 115 | R36: 114.2 | S36: 110.9 | T36: 113.7 | U36: 110.7 | V36: 110.4 | W36: 111.3 | X36: 109 | Y36: 109.7 | Z36: 108.9 | AA36: 111.4 | AB36: 107.7 | AC36: 109.8 | AD36: 113.3
A37: Rural+Urban | B37: 2013 | C37: December | D37: 119.1 | E37: 116.7 | F37: 123.5 | G37: 113.4 | H37: 107.3 | I37: 113.3 | J37: 145.4 | K37: 108.7 | L37: 101.5 | M37: 110.5 | N37: 112.1 | O37: 117.4 | P37: 118.4 | Q37: 114 | R37: 115.2 | S37: 112.7 | T37: 114.8 | U37: 110.7 | V37: 111.9 | W37: 111.7 | X37: 109.7 | Y37: 109.8 | Z37: 109 | AA37: 111.5 | AB37: 107.9 | AC37: 110 | AD37: 114.5
A38: Rural | B38: 2014 | C38: January | D38: 118.9 | E38: 117.1 | F38: 120.5 | G38: 114.4 | H38: 109 | I38: 115.5 | J38: 123.9 | K38: 109.6 | L38: 101.8 | M38: 110.2 | N38: 112.4 | O38: 117.3 | P38: 116 | Q38: 114 | R38: 116.5 | S38: 114.5 | T38: 116.2 | U38: NA | V38: 113 | W38: 112.6 | X38: 110.6 | Y38: 110.5 | Z38: 109.6 | AA38: 111.8 | AB38: 108.3 | AC38: 110.6 | AD38: 114.2
A39: Urban | B39: 2014 | C39: January | D39: 121.2 | E39: 122 | F39: 129.9 | G39: 113.6 | H39: 102.9 | I39: 112.1 | J39: 118.9 | K39: 107.5 | L39: 96.9 | M39: 112.7 | N39: 112.1 | O39: 119 | P39: 115.5 | Q39: 115.7 | R39: 114.8 | S39: 111.3 | T39: 114.3 | U39: 111.6 | V39: 111 | W39: 111.9 | X39: 109.7 | Y39: 110.8 | Z39: 109.8 | AA39: 111.5 | AB39: 108 | AC39: 110.5 | AD39: 112.9
A40: Rural+Urban | B40: 2014 | C40: January | D40: 119.6 | E40: 118.8 | F40: 124.1 | G40: 114.1 | H40: 106.8 | I40: 113.9 | J40: 122.2 | K40: 108.9 | L40: 100.2 | M40: 111 | N40: 112.3 | O40: 118.1 | P40: 115.8 | Q40: 114.5 | R40: 115.8 | S40: 113.2 | T40: 115.4 | U40: 111.6 | V40: 112.2 | W40: 112.3 | X40: 110.3 | Y40: 110.7 | Z40: 109.7 | AA40: 111.6 | AB40: 108.2 | AC40: 110.6 | AD40: 113.6
A41: Rural | B41: 2014 | C41: February | D41: 119.4 | E41: 117.7 | F41: 121.2 | G41: 115 | H41: 109 | I41: 116.6 | J41: 116 | K41: 109.8 | L41: 101.1 | M41: 110.4 | N41: 112.9 | O41: 117.8 | P41: 115.3 | Q41: 114.2 | R41: 117.1 | S41: 114.5 | T41: 116.7 | U41: NA | V41: 113.2 | W41: 112.9 | X41: 110.9 | Y41: 110.8 | Z41: 109.9 | AA41: 112 | AB41: 108.7 | AC41: 110.9 | AD41: 114
A42: Urban | B42: 2014 | C42: February | D42: 121.9 | E42: 122 | F42: 124.5 | G42: 115.2 | H42: 102.5 | I42: 114.1 | J42: 111.5 | K42: 108.2 | L42: 95.4 | M42: 113.5 | N42: 112.1 | O42: 119.9 | P42: 115.2 | Q42: 116.2 | R42: 115.3 | S42: 111.7 | T42: 114.7 | U42: 112.5 | V42: 111.1 | W42: 112.6 | X42: 110.4 | Y42: 111.3 | Z42: 110.3 | AA42: 111.6 | AB42: 108.7 | AC42: 111 | AD42: 113.1
A43: Rural+Urban | B43: 2014 | C43: February | D43: 120.2 | E43: 119.2 | F43: 122.5 | G43: 115.1 | H43: 106.6 | I43: 115.4 | J43: 114.5 | K43: 109.3 | L43: 99.2 | M43: 111.4 | N43: 112.6 | O43: 118.8 | P43: 115.3 | Q43: 114.7 | R43: 116.4 | S43: 113.3 | T43: 115.9 | U43: 112.5 | V43: 112.4 | W43: 112.8 | X43: 110.7 | Y43: 111.1 | Z43: 110.1 | AA43: 111.8 | AB43: 108.7 | AC43: 110.9 | AD43: 113.6
A44: Rural | B44: 2014 | C44: March | D44: 120.1 | E44: 118.1 | F44: 120.7 | G44: 116.1 | H44: 109.3 | I44: 119.6 | J44: 117.9 | K44: 110.2 | L44: 101.2 | M44: 110.7 | N44: 113 | O44: 118.3 | P44: 116.2 | Q44: 114.6 | R44: 117.5 | S44: 114.9 | T44: 117.2 | U44: NA | V44: 113.4 | W44: 113.4 | X44: 111.4 | Y44: 111.2 | Z44: 110.2 | AA44: 112.4 | AB44: 108.9 | AC44: 111.3 | AD44: 114.6
A45: Urban | B45: 2014 | C45: March | D45: 122.1 | E45: 121.4 | F45: 121.5 | G45: 116.2 | H45: 102.8 | I45: 117.7 | J45: 113.3 | K45: 108.9 | L45: 96.3 | M45: 114.1 | N45: 112.2 | O45: 120.5 | P45: 116 | Q45: 116.7 | R45: 115.8 | S45: 112.1 | T45: 115.2 | U45: 113.2 | V45: 110.9 | W45: 113 | X45: 110.8 | Y45: 111.6 | Z45: 110.9 | AA45: 111.8 | AB45: 109.2 | AC45: 111.4 | AD45: 113.7
A46: Rural+Urban | B46: 2014 | C46: Marcrh | D46: 120.7 | E46: 119.3 | F46: 121 | G46: 116.1 | H46: 106.9 | I46: 118.7 | J46: 116.3 | K46: 109.8 | L46: 99.6 | M46: 111.8 | N46: 112.7 | O46: 119.3 | P46: 116.1 | Q46: 115.2 | R46: 116.8 | S46: 113.7 | T46: 116.4 | U46: 113.2 | V46: 112.5 | W46: 113.2 | X46: 111.2 | Y46: 111.4 | Z46: 110.6 | AA46: 112 | AB46: 109 | AC46: 111.3 | AD46: 114.2
A47: Rural | B47: 2014 | C47: April | D47: 120.2 | E47: 118.9 | F47: 118.1 | G47: 117 | H47: 109.7 | I47: 125.5 | J47: 120.5 | K47: 111 | L47: 102.6 | M47: 111.2 | N47: 113.5 | O47: 118.7 | P47: 117.2 | Q47: 115.4 | R47: 118.1 | S47: 116.1 | T47: 117.8 | U47: NA | V47: 113.4 | W47: 113.7 | X47: 111.8 | Y47: 111.2 | Z47: 110.5 | AA47: 113 | AB47: 108.9 | AC47: 111.5 | AD47: 115.4
A48: Urban | B48: 2014 | C48: April | D48: 122.5 | E48: 121.7 | F48: 113.3 | G48: 117 | H48: 103.1 | I48: 126.7 | J48: 121.2 | K48: 111 | L48: 100.3 | M48: 115.3 | N48: 112.7 | O48: 121 | P48: 118.2 | Q48: 117.6 | R48: 116.3 | S48: 112.5 | T48: 115.7 | U48: 113.9 | V48: 110.9 | W48: 113.4 | X48: 111 | Y48: 111.2 | Z48: 111.2 | AA48: 112.5 | AB48: 109.1 | AC48: 111.4 | AD48: 114.7
A49: Rural+Urban | B49: 2014 | C49: April | D49: 120.9 | E49: 119.9 | F49: 116.2 | G49: 117 | H49: 107.3 | I49: 126.1 | J49: 120.7 | K49: 111 | L49: 101.8 | M49: 112.6 | N49: 113.2 | O49: 119.8 | P49: 117.6 | Q49: 116 | R49: 117.4 | S49: 114.6 | T49: 117 | U49: 113.9 | V49: 112.5 | W49: 113.6 | X49: 111.5 | Y49: 111.2 | Z49: 110.9 | AA49: 112.7 | AB49: 109 | AC49: 111.5 | AD49: 115.1
A50: Rural | B50: 2014 | C50: May | D50: 120.3 | E50: 120.2 | F50: 116.9 | G50: 118 | H50: 110.1 | I50: 126.3 | J50: 123.9 | K50: 111.5 | L50: 103.5 | M50: 111.6 | N50: 114.2 | O50: 119.2 | P50: 118.2 | Q50: 116.3 | R50: 118.7 | S50: 116.8 | T50: 118.5 | U50: NA | V50: 113.4 | W50: 114.1 | X50: 112.1 | Y50: 111.4 | Z50: 110.9 | AA50: 113.1 | AB50: 108.9 | AC50: 111.8 | AD50: 116
A51: Urban | B51: 2014 | C51: May | D51: 122.7 | E51: 124.1 | F51: 114.2 | G51: 119.1 | H51: 103.5 | I51: 129.2 | J51: 127 | K51: 112.6 | L51: 101.3 | M51: 117 | N51: 112.9 | O51: 121.7 | P51: 120 | Q51: 118.3 | R51: 116.8 | S51: 112.9 | T51: 116.2 | U51: 114.3 | V51: 111.1 | W51: 114.1 | X51: 111.2 | Y51: 111.3 | Z51: 111.5 | AA51: 112.9 | AB51: 109.3 | AC51: 111.7 | AD51: 115.6
A52: Rural+Urban | B52: 2014 | C52: May | D52: 121.1 | E52: 121.6 | F52: 115.9 | G52: 118.4 | H52: 107.7 | I52: 127.7 | J52: 125 | K52: 111.9 | L52: 102.8 | M52: 113.4 | N52: 113.7 | O52: 120.4 | P52: 118.9 | Q52: 116.8 | R52: 118 | S52: 115.2 | T52: 117.6 | U52: 114.3 | V52: 112.5 | W52: 114.1 | X52: 111.8 | Y52: 111.3 | Z52: 111.2 | AA52: 113 | AB52: 109.1 | AC52: 111.8 | AD52: 115.8
A53: Rural | B53: 2014 | C53: June | D53: 120.7 | E53: 121.6 | F53: 116.1 | G53: 119.3 | H53: 110.3 | I53: 125.8 | J53: 129.3 | K53: 112.2 | L53: 103.6 | M53: 112.3 | N53: 114.9 | O53: 120.1 | P53: 119.5 | Q53: 117.3 | R53: 119.7 | S53: 117.3 | T53: 119.3 | U53: NA | V53: 114.4 | W53: 114.9 | X53: 112.8 | Y53: 112.2 | Z53: 111.4 | AA53: 114.3 | AB53: 108 | AC53: 112.3 | AD53: 117
A54: Urban | B54: 2014 | C54: June | D54: 123.1 | E54: 125.9 | F54: 115.4 | G54: 120.4 | H54: 103.4 | I54: 131.2 | J54: 137.5 | K54: 112.8 | L54: 101.4 | M54: 118.3 | N54: 113.2 | O54: 122.4 | P54: 122 | Q54: 119 | R54: 117.4 | S54: 113.2 | T54: 116.7 | U54: 113.9 | V54: 111.2 | W54: 114.3 | X54: 111.4 | Y54: 111.5 | Z54: 111.8 | AA54: 115.1 | AB54: 108.7 | AC54: 112.2 | AD54: 116.4
A55: Rural+Urban | B55: 2014 | C55: June | D55: 121.5 | E55: 123.1 | F55: 115.8 | G55: 119.7 | H55: 107.8 | I55: 128.3 | J55: 132.1 | K55: 112.4 | L55: 102.9 | M55: 114.3 | N55: 114.2 | O55: 121.2 | P55: 120.4 | Q55: 117.8 | R55: 118.8 | S55: 115.6 | T55: 118.3 | U55: 113.9 | V55: 113.2 | W55: 114.6 | X55: 112.3 | Y55: 111.8 | Z55: 111.6 | AA55: 114.8 | AB55: 108.3 | AC55: 112.3 | AD55: 116.7
A56: Rural | B56: 2014 | C56: July | D56: 121.7 | E56: 122.5 | F56: 117.7 | G56: 120.6 | H56: 110.4 | I56: 129.1 | J56: 150.1 | K56: 113.2 | L56: 104.8 | M56: 113.3 | N56: 115.6 | O56: 120.9 | P56: 123.3 | Q56: 118 | R56: 120.7 | S56: 118.3 | T56: 120.3 | U56: NA | V56: 115.3 | W56: 115.4 | X56: 113.4 | Y56: 113.2 | Z56: 111.8 | AA56: 115.5 | AB56: 108.8 | AC56: 113.1 | AD56: 119.5
A57: Urban | B57: 2014 | C57: July | D57: 123.8 | E57: 126.4 | F57: 118 | G57: 121.6 | H57: 103.5 | I57: 133.7 | J57: 172.4 | K57: 113.1 | L57: 102.7 | M57: 120 | N57: 113.8 | O57: 123.4 | P57: 127.1 | Q57: 121 | R57: 118 | S57: 113.6 | T57: 117.4 | U57: 114.8 | V57: 111.6 | W57: 114.9 | X57: 111.5 | Y57: 113 | Z57: 112.4 | AA57: 117.8 | AB57: 109.7 | AC57: 113.5 | AD57: 118.9
A58: Rural+Urban | B58: 2014 | C58: July | D58: 122.4 | E58: 123.9 | F58: 117.8 | G58: 121 | H58: 107.9 | I58: 131.2 | J58: 157.7 | K58: 113.2 | L58: 104.1 | M58: 115.5 | N58: 114.8 | O58: 122.1 | P58: 124.7 | Q58: 118.8 | R58: 119.6 | S58: 116.3 | T58: 119.1 | U58: 114.8 | V58: 113.9 | W58: 115.2 | X58: 112.7 | Y58: 113.1 | Z58: 112.1 | AA58: 116.8 | AB58: 109.2 | AC58: 113.3 | AD58: 119.2
A59: Rural | B59: 2014 | C59: August | D59: 121.8 | E59: 122.8 | F59: 117.8 | G59: 121.9 | H59: 110.6 | I59: 129.7 | J59: 161.1 | K59: 114.1 | L59: 105.1 | M59: 114.6 | N59: 115.8 | O59: 121.7 | P59: 125.3 | Q59: 118.8 | R59: 120.9 | S59: 118.8 | T59: 120.7 | U59: NA | V59: 115.4 | W59: 115.9 | X59: 114 | Y59: 113.2 | Z59: 112.2 | AA59: 116.2 | AB59: 109.4 | AC59: 113.5 | AD59: 120.7
A60: Urban | B60: 2014 | C60: August | D60: 124.8 | E60: 127.3 | F60: 116.5 | G60: 122.2 | H60: 103.6 | I60: 132.7 | J60: 181.9 | K60: 115.2 | L60: 102.7 | M60: 122.1 | N60: 114.4 | O60: 124.7 | P60: 128.9 | Q60: 123 | R60: 118.6 | S60: 114.1 | T60: 117.9 | U60: 115.5 | V60: 111.8 | W60: 115.3 | X60: 112.2 | Y60: 112.5 | Z60: 112.9 | AA60: 119.2 | AB60: 110.5 | AC60: 113.9 | AD60: 119.9
A61: Rural+Urban | B61: 2014 | C61: August | D61: 122.7 | E61: 124.4 | F61: 117.3 | G61: 122 | H61: 108 | I61: 131.1 | J61: 168.2 | K61: 114.5 | L61: 104.3 | M61: 117.1 | N61: 115.2 | O61: 123.1 | P61: 126.6 | Q61: 119.9 | R61: 120 | S61: 116.8 | T61: 119.6 | U61: 115.5 | V61: 114 | W61: 115.6 | X61: 113.3 | Y61: 112.8 | Z61: 112.6 | AA61: 118 | AB61: 109.9 | AC61: 113.7 | AD61: 120.3
A62: Rural | B62: 2014 | C62: September | D62: 122.3 | E62: 122.4 | F62: 117.8 | G62: 122.7 | H62: 110.4 | I62: 129.8 | J62: 158.8 | K62: 115 | L62: 104.7 | M62: 114.9 | N62: 116.5 | O62: 122.6 | P62: 125.3 | Q62: 119.5 | R62: 121.7 | S62: 119.2 | T62: 121.3 | U62: NA | V62: 115.8 | W62: 116.7 | X62: 114.5 | Y62: 112.8 | Z62: 112.6 | AA62: 116.6 | AB62: 109.1 | AC62: 113.7 | AD62: 120.9
A63: Urban | B63: 2014 | C63: September | D63: 124.2 | E63: 125.4 | F63: 116.4 | G63: 122.7 | H63: 103.5 | I63: 124.5 | J63: 168.6 | K63: 116.9 | L63: 101.9 | M63: 122.9 | N63: 114.8 | O63: 125.2 | P63: 126.7 | Q63: 124.3 | R63: 119.2 | S63: 114.5 | T63: 118.4 | U63: 116.1 | V63: 111.8 | W63: 115.5 | X63: 112.3 | Y63: 111.2 | Z63: 113.4 | AA63: 120 | AB63: 110 | AC63: 113.6 | AD63: 119.2
A64: Rural+Urban | B64: 2014 | C64: September | D64: 122.9 | E64: 123.5 | F64: 117.3 | G64: 122.7 | H64: 107.9 | I64: 127.3 | J64: 162.1 | K64: 115.6 | L64: 103.8 | M64: 117.6 | N64: 115.8 | O64: 123.8 | P64: 125.8 | Q64: 120.8 | R64: 120.7 | S64: 117.2 | T64: 120.1 | U64: 116.1 | V64: 114.3 | W64: 116.1 | X64: 113.7 | Y64: 112 | Z64: 113.1 | AA64: 118.6 | AB64: 109.5 | AC64: 113.7 | AD64: 120.1
A65: Rural | B65: 2014 | C65: October | D65: 122.6 | E65: 122.5 | F65: 118.3 | G65: 123.2 | H65: 110.5 | I65: 128.9 | J65: 155.3 | K65: 115.5 | L65: 104 | M65: 115.3 | N65: 116.8 | O65: 123.2 | P65: 125.1 | Q65: 120 | R65: 122.7 | S65: 120.3 | T65: 122.3 | U65: NA | V65: 116.4 | W65: 117.5 | X65: 115.3 | Y65: 112.6 | Z65: 113 | AA65: 116.9 | AB65: 109.3 | AC65: 114 | AD65: 121
A66: Urban | B66: 2014 | C66: October | D66: 124.6 | E66: 126.1 | F66: 117.8 | G66: 123.1 | H66: 103.5 | I66: 123.5 | J66: 159.6 | K66: 117.4 | L66: 101.2 | M66: 123.8 | N66: 115.2 | O66: 125.9 | P66: 125.8 | Q66: 124.3 | R66: 119.6 | S66: 114.9 | T66: 118.9 | U66: 116.7 | V66: 112 | W66: 115.8 | X66: 112.6 | Y66: 111 | Z66: 113.6 | AA66: 120.2 | AB66: 110.1 | AC66: 113.7 | AD66: 119.1
A67: Rural+Urban | B67: 2014 | C67: October | D67: 123.2 | E67: 123.8 | F67: 118.1 | G67: 123.2 | H67: 107.9 | I67: 126.4 | J67: 156.8 | K67: 116.1 | L67: 103.1 | M67: 118.1 | N67: 116.1 | O67: 124.5 | P67: 125.4 | Q67: 121.1 | R67: 121.5 | S67: 118.1 | T67: 121 | U67: 116.7 | V67: 114.7 | W67: 116.7 | X67: 114.3 | Y67: 111.8 | Z67: 113.3 | AA67: 118.8 | AB67: 109.6 | AC67: 113.9 | AD67: 120.1
A68: Rural | B68: 2014 | C68: November | D68: 122.7 | E68: 122.6 | F68: 119.9 | G68: 124 | H68: 110.5 | I68: 128.8 | J68: 152 | K68: 116.2 | L68: 103.3 | M68: 115.8 | N68: 116.8 | O68: 124.5 | P68: 124.9 | Q68: 120.8 | R68: 123.3 | S68: 120.5 | T68: 122.9 | U68: NA | V68: 117.3 | W68: 118.1 | X68: 115.9 | Y68: 112 | Z68: 113.3 | AA68: 117.2 | AB68: 108.8 | AC68: 114.1 | AD68: 121.1
A69: Urban | B69: 2014 | C69: November | D69: 124.5 | E69: 125.6 | F69: 122.7 | G69: 124.6 | H69: 103.2 | I69: 122.2 | J69: 153.2 | K69: 119.3 | L69: 99.8 | M69: 124.6 | N69: 115.8 | O69: 126.9 | P69: 125.4 | Q69: 125.8 | R69: 120.3 | S69: 115.4 | T69: 119.5 | U69: 117.1 | V69: 112.6 | W69: 116.4 | X69: 113 | Y69: 109.7 | Z69: 114 | AA69: 120.3 | AB69: 109.6 | AC69: 113.4 | AD69: 119
A70: Rural+Urban | B70: 2014 | C70: November | D70: 123.3 | E70: 123.7 | F70: 121 | G70: 124.2 | H70: 107.8 | I70: 125.7 | J70: 152.4 | K70: 117.2 | L70: 102.1 | M70: 118.7 | N70: 116.4 | O70: 125.6 | P70: 125.1 | Q70: 122.1 | R70: 122.1 | S70: 118.4 | T70: 121.6 | U70: 117.1 | V70: 115.5 | W70: 117.3 | X70: 114.8 | Y70: 110.8 | Z70: 113.7 | AA70: 119 | AB70: 109.1 | AC70: 113.8 | AD70: 120.1
A71: Rural | B71: 2014 | C71: December | D71: 122.4 | E71: 122.4 | F71: 121.8 | G71: 124.2 | H71: 110.2 | I71: 128.6 | J71: 140.3 | K71: 116.3 | L71: 102 | M71: 116 | N71: 117.3 | O71: 124.8 | P71: 123.3 | Q71: 121.7 | R71: 123.8 | S71: 120.6 | T71: 123.3 | U71: NA | V71: 117.4 | W71: 118.2 | X71: 116.2 | Y71: 111.5 | Z71: 113.3 | AA71: 117.7 | AB71: 109.4 | AC71: 114.2 | AD71: 120.3
A72: Urban | B72: 2014 | C72: December | D72: 124 | E72: 124.7 | F72: 126.3 | G72: 124.9 | H72: 103 | I72: 122.3 | J72: 141 | K72: 120.1 | L72: 97.8 | M72: 125.4 | N72: 116.1 | O72: 127.6 | P72: 124 | Q72: 126.4 | R72: 120.7 | S72: 115.8 | T72: 120 | U72: 116.5 | V72: 113 | W72: 116.8 | X72: 113.2 | Y72: 108.8 | Z72: 114.3 | AA72: 120.7 | AB72: 110.4 | AC72: 113.4 | AD72: 118.4
A73: Rural+Urban | B73: 2014 | C73: December | D73: 122.9 | E73: 123.2 | F73: 123.5 | G73: 124.5 | H73: 107.6 | I73: 125.7 | J73: 140.5 | K73: 117.6 | L73: 100.6 | M73: 119.1 | N73: 116.8 | O73: 126.1 | P73: 123.6 | Q73: 123 | R73: 122.6 | S73: 118.6 | T73: 122 | U73: 116.5 | V73: 115.7 | W73: 117.5 | X73: 115.1 | Y73: 110.1 | Z73: 113.9 | AA73: 119.5 | AB73: 109.8 | AC73: 113.8 | AD73: 119.4
A74: Rural | B74: 2015 | C74: January | D74: 123.1 | E74: 123.1 | F74: 122.1 | G74: 124.9 | H74: 111 | I74: 130.4 | J74: 132.3 | K74: 117.2 | L74: 100.5 | M74: 117.2 | N74: 117.9 | O74: 125.6 | P74: 122.8 | Q74: 122.7 | R74: 124.4 | S74: 121.6 | T74: 124 | U74: NA | V74: 118.4 | W74: 118.9 | X74: 116.6 | Y74: 111 | Z74: 114 | AA74: 118.2 | AB74: 110.2 | AC74: 114.5 | AD74: 120.3
A75: Urban | B75: 2015 | C75: January | D75: 124 | E75: 125.5 | F75: 126.6 | G75: 125.2 | H75: 104.3 | I75: 121.3 | J75: 134.4 | K75: 122.9 | L75: 96.1 | M75: 126.6 | N75: 116.5 | O75: 128 | P75: 123.5 | Q75: 127.4 | R75: 121 | S75: 116.1 | T75: 120.2 | U75: 117.3 | V75: 113.4 | W75: 117.2 | X75: 113.7 | Y75: 107.9 | Z75: 114.6 | AA75: 120.8 | AB75: 111.4 | AC75: 113.4 | AD75: 118.5
A76: Rural+Urban | B76: 2015 | C76: January | D76: 123.4 | E76: 123.9 | F76: 123.8 | G76: 125 | H76: 108.5 | I76: 126.2 | J76: 133 | K76: 119.1 | L76: 99 | M76: 120.3 | N76: 117.3 | O76: 126.7 | P76: 123.1 | Q76: 124 | R76: 123.1 | S76: 119.3 | T76: 122.5 | U76: 117.3 | V76: 116.5 | W76: 118.1 | X76: 115.5 | Y76: 109.4 | Z76: 114.3 | AA76: 119.7 | AB76: 110.7 | AC76: 114 | AD76: 119.5
A77: Rural | B77: 2015 | C77: February | D77: 123.4 | E77: 124.4 | F77: 122.1 | G77: 125.8 | H77: 111.5 | I77: 129.4 | J77: 128.2 | K77: 118.8 | L77: 100 | M77: 118.6 | N77: 118.8 | O77: 126.8 | P77: 122.8 | Q77: 124.2 | R77: 125.4 | S77: 122.7 | T77: 125 | U77: NA | V77: 120 | W77: 119.6 | X77: 117.7 | Y77: 110.9 | Z77: 114.8 | AA77: 118.7 | AB77: 110.8 | AC77: 115 | AD77: 120.6
A78: Urban | B78: 2015 | C78: February | D78: 124.3 | E78: 126.5 | F78: 119.5 | G78: 125.6 | H78: 104.9 | I78: 121.6 | J78: 131.8 | K78: 125.1 | L78: 95 | M78: 127.7 | N78: 116.8 | O78: 128.6 | P78: 123.7 | Q78: 128.1 | R78: 121.3 | S78: 116.5 | T78: 120.6 | U78: 118.1 | V78: 114 | W78: 117.7 | X78: 114.1 | Y78: 106.8 | Z78: 114.9 | AA78: 120.4 | AB78: 111.7 | AC78: 113.2 | AD78: 118.7
A79: Rural+Urban | B79: 2015 | C79: February | D79: 123.7 | E79: 125.1 | F79: 121.1 | G79: 125.7 | H79: 109.1 | I79: 125.8 | J79: 129.4 | K79: 120.9 | L79: 98.3 | M79: 121.6 | N79: 118 | O79: 127.6 | P79: 123.1 | Q79: 125.2 | R79: 123.8 | S79: 120.1 | T79: 123.3 | U79: 118.1 | V79: 117.7 | W79: 118.7 | X79: 116.3 | Y79: 108.7 | Z79: 114.9 | AA79: 119.7 | AB79: 111.2 | AC79: 114.1 | AD79: 119.7
A80: Rural | B80: 2015 | C80: March | D80: 123.3 | E80: 124.7 | F80: 118.9 | G80: 126 | H80: 111.8 | I80: 130.9 | J80: 128 | K80: 119.9 | L80: 98.9 | M80: 119.4 | N80: 118.9 | O80: 127.7 | P80: 123.1 | Q80: 124.7 | R80: 126 | S80: 122.9 | T80: 125.5 | U80: NA | V80: 120.6 | W80: 120.2 | X80: 118.2 | Y80: 111.6 | Z80: 115.5 | AA80: 119.4 | AB80: 110.8 | AC80: 115.5 | AD80: 121.1
A81: Urban | B81: 2015 | C81: March | D81: 124 | E81: 126.7 | F81: 113.5 | G81: 125.9 | H81: 104.8 | I81: 123.8 | J81: 131.4 | K81: 127.2 | L81: 93.2 | M81: 127.4 | N81: 117 | O81: 129.2 | P81: 123.9 | Q81: 128.8 | R81: 121.7 | S81: 116.9 | T81: 120.9 | U81: 118.6 | V81: 114.4 | W81: 118 | X81: 114.3 | Y81: 108.4 | Z81: 115.4 | AA81: 120.6 | AB81: 111.3 | AC81: 113.8 | AD81: 119.1
A82: Rural+Urban | B82: 2015 | C82: March | D82: 123.5 | E82: 125.4 | F82: 116.8 | G82: 126 | H82: 109.2 | I82: 127.6 | J82: 129.2 | K82: 122.4 | L82: 97 | M82: 122.1 | N82: 118.1 | O82: 128.4 | P82: 123.4 | Q82: 125.8 | R82: 124.3 | S82: 120.4 | T82: 123.7 | U82: 118.6 | V82: 118.3 | W82: 119.2 | X82: 116.7 | Y82: 109.9 | Z82: 115.4 | AA82: 120.1 | AB82: 111 | AC82: 114.7 | AD82: 120.2
A83: Rural | B83: 2015 | C83: April | D83: 123.3 | E83: 125.5 | F83: 117.2 | G83: 126.8 | H83: 111.9 | I83: 134.2 | J83: 127.5 | K83: 121.5 | L83: 97.8 | M83: 119.8 | N83: 119.4 | O83: 128.7 | P83: 123.6 | Q83: 125.7 | R83: 126.4 | S83: 123.3 | T83: 126 | U83: NA | V83: 121.2 | W83: 120.9 | X83: 118.6 | Y83: 111.9 | Z83: 116.2 | AA83: 119.9 | AB83: 111.6 | AC83: 116 | AD83: 121.5
A84: Urban | B84: 2015 | C84: April | D84: 123.8 | E84: 128.2 | F84: 110 | G84: 126.3 | H84: 104.5 | I84: 130.6 | J84: 130.8 | K84: 131.3 | L84: 91.6 | M84: 127.7 | N84: 117.2 | O84: 129.5 | P84: 124.6 | Q84: 130.1 | R84: 122.1 | S84: 117.2 | T84: 121.3 | U84: 119.2 | V84: 114.7 | W84: 118.4 | X84: 114.6 | Y84: 108.4 | Z84: 115.6 | AA84: 121.7 | AB84: 111.8 | AC84: 114.2 | AD84: 119.7
A85: Rural+Urban | B85: 2015 | C85: April | D85: 123.5 | E85: 126.4 | F85: 114.4 | G85: 126.6 | H85: 109.2 | I85: 132.5 | J85: 128.6 | K85: 124.8 | L85: 95.7 | M85: 122.4 | N85: 118.5 | O85: 129.1 | P85: 124 | Q85: 126.9 | R85: 124.7 | S85: 120.8 | T85: 124.1 | U85: 119.2 | V85: 118.7 | W85: 119.7 | X85: 117.1 | Y85: 110.1 | Z85: 115.9 | AA85: 121 | AB85: 111.7 | AC85: 115.1 | AD85: 120.7
A86: Rural | B86: 2015 | C86: May | D86: 123.5 | E86: 127.1 | F86: 117.3 | G86: 127.7 | H86: 112.5 | I86: 134.1 | J86: 128.5 | K86: 124.3 | L86: 97.6 | M86: 120.7 | N86: 120.2 | O86: 129.8 | P86: 124.4 | Q86: 126.7 | R86: 127.3 | S86: 124.1 | T86: 126.8 | U86: NA | V86: 121.9 | W86: 121.5 | X86: 119.4 | Y86: 113.3 | Z86: 116.7 | AA86: 120.5 | AB86: 112.3 | AC86: 116.9 | AD86: 122.4
A87: Urban | B87: 2015 | C87: May | D87: 123.8 | E87: 129.7 | F87: 111.3 | G87: 126.6 | H87: 105.2 | I87: 130.8 | J87: 135.6 | K87: 142.6 | L87: 90.8 | M87: 128.8 | N87: 117.7 | O87: 129.9 | P87: 126.1 | Q87: 131.3 | R87: 122.4 | S87: 117.4 | T87: 121.6 | U87: 119.6 | V87: 114.9 | W87: 118.7 | X87: 114.9 | Y87: 110.8 | Z87: 116 | AA87: 122 | AB87: 112.4 | AC87: 115.2 | AD87: 120.7
A88: Rural+Urban | B88: 2015 | C88: May | D88: 123.6 | E88: 128 | F88: 115 | G88: 127.3 | H88: 109.8 | I88: 132.6 | J88: 130.9 | K88: 130.5 | L88: 95.3 | M88: 123.4 | N88: 119.2 | O88: 129.8 | P88: 125 | Q88: 127.9 | R88: 125.4 | S88: 121.3 | T88: 124.7 | U88: 119.6 | V88: 119.2 | W88: 120.2 | X88: 117.7 | Y88: 112 | Z88: 116.3 | AA88: 121.4 | AB88: 112.3 | AC88: 116.1 | AD88: 121.6
A89: Rural | B89: 2015 | C89: June | D89: 124.1 | E89: 130.4 | F89: 122.1 | G89: 128.7 | H89: 114.1 | I89: 133.2 | J89: 135.2 | K89: 131.9 | L89: 96.3 | M89: 123 | N89: 121.1 | O89: 131.2 | P89: 126.6 | Q89: 128.2 | R89: 128.4 | S89: 125.1 | T89: 128 | U89: NA | V89: 122.6 | W89: 122.8 | X89: 120.4 | Y89: 114.2 | Z89: 117.9 | AA89: 122 | AB89: 113 | AC89: 117.9 | AD89: 124.1
A90: Urban | B90: 2015 | C90: June | D90: 123.6 | E90: 134.4 | F90: 120.9 | G90: 127.3 | H90: 106 | I90: 132.3 | J90: 146.7 | K90: 148.1 | L90: 89.8 | M90: 130.5 | N90: 118 | O90: 130.5 | P90: 128.5 | Q90: 132.1 | R90: 123.2 | S90: 117.6 | T90: 122.3 | U90: 119 | V90: 115.1 | W90: 119.2 | X90: 115.4 | Y90: 111.7 | Z90: 116.2 | AA90: 123.8 | AB90: 112.5 | AC90: 116 | AD90: 121.7
A91: Rural+Urban | B91: 2015 | C91: June | D91: 123.9 | E91: 131.8 | F91: 121.6 | G91: 128.2 | H91: 111.1 | I91: 132.8 | J91: 139.1 | K91: 137.4 | L91: 94.1 | M91: 125.5 | N91: 119.8 | O91: 130.9 | P91: 127.3 | Q91: 129.2 | R91: 126.4 | S91: 122 | T91: 125.7 | U91: 119 | V91: 119.8 | W91: 121.1 | X91: 118.5 | Y91: 112.9 | Z91: 116.9 | AA91: 123.1 | AB91: 112.8 | AC91: 117 | AD91: 123
A92: Rural | B92: 2015 | C92: July | D92: 124 | E92: 131.5 | F92: 122 | G92: 128.7 | H92: 113.5 | I92: 133.3 | J92: 140.8 | K92: 133.8 | L92: 94.1 | M92: 123.4 | N92: 121 | O92: 131.7 | P92: 127.5 | Q92: 129.4 | R92: 128.8 | S92: 125.5 | T92: 128.3 | U92: NA | V92: 123 | W92: 123 | X92: 120.8 | Y92: 114.1 | Z92: 118 | AA92: 122.9 | AB92: 112.7 | AC92: 118.1 | AD92: 124.7
A93: Urban | B93: 2015 | C93: July | D93: 123.2 | E93: 134.3 | F93: 119.5 | G93: 127.7 | H93: 106.3 | I93: 132.8 | J93: 153.5 | K93: 149.5 | L93: 85.7 | M93: 131.5 | N93: 118.3 | O93: 131.1 | P93: 129.5 | Q93: 133.1 | R93: 123.5 | S93: 117.9 | T93: 122.7 | U93: 119.9 | V93: 115.3 | W93: 119.5 | X93: 116 | Y93: 111.5 | Z93: 116.6 | AA93: 125.4 | AB93: 111.7 | AC93: 116.3 | AD93: 122.4
A94: Rural+Urban | B94: 2015 | C94: July | D94: 123.7 | E94: 132.5 | F94: 121 | G94: 128.3 | H94: 110.9 | I94: 133.1 | J94: 145.1 | K94: 139.1 | L94: 91.3 | M94: 126.1 | N94: 119.9 | O94: 131.4 | P94: 128.2 | Q94: 130.4 | R94: 126.7 | S94: 122.3 | T94: 126.1 | U94: 119.9 | V94: 120.1 | W94: 121.3 | X94: 119 | Y94: 112.7 | Z94: 117.2 | AA94: 124.4 | AB94: 112.3 | AC94: 117.2 | AD94: 123.6
A95: Rural | B95: 2015 | C95: August | D95: 124.7 | E95: 131.3 | F95: 121.3 | G95: 128.8 | H95: 114 | I95: 134.2 | J95: 153.6 | K95: 137.9 | L95: 93.1 | M95: 123.9 | N95: 121.5 | O95: 132.5 | P95: 129.8 | Q95: 130.1 | R95: 129.5 | S95: 126.3 | T95: 129 | U95: NA | V95: 123.8 | W95: 123.7 | X95: 121.1 | Y95: 113.6 | Z95: 118.5 | AA95: 123.6 | AB95: 112.5 | AC95: 118.2 | AD95: 126.1
A96: Urban | B96: 2015 | C96: August | D96: 123.1 | E96: 131.7 | F96: 118.1 | G96: 128 | H96: 106.8 | I96: 130.1 | J96: 165.5 | K96: 156 | L96: 85.3 | M96: 132.7 | N96: 118.8 | O96: 131.7 | P96: 131.1 | Q96: 134.2 | R96: 123.7 | S96: 118.2 | T96: 122.9 | U96: 120.9 | V96: 115.3 | W96: 120 | X96: 116.6 | Y96: 109.9 | Z96: 117.2 | AA96: 126.2 | AB96: 112 | AC96: 116.2 | AD96: 123.2
A97: Rural+Urban | B97: 2015 | C97: August | D97: 124.2 | E97: 131.4 | F97: 120.1 | G97: 128.5 | H97: 111.4 | I97: 132.3 | J97: 157.6 | K97: 144 | L97: 90.5 | M97: 126.8 | N97: 120.4 | O97: 132.1 | P97: 130.3 | Q97: 131.2 | R97: 127.2 | S97: 122.9 | T97: 126.6 | U97: 120.9 | V97: 120.6 | W97: 122 | X97: 119.4 | Y97: 111.7 | Z97: 117.8 | AA97: 125.1 | AB97: 112.3 | AC97: 117.2 | AD97: 124.8
A98: Rural | B98: 2015 | C98: September | D98: 125.1 | E98: 131.1 | F98: 120.7 | G98: 129.2 | H98: 114.7 | I98: 132.3 | J98: 158.9 | K98: 142.1 | L98: 92.5 | M98: 125.4 | N98: 121.9 | O98: 132.7 | P98: 131 | Q98: 131 | R98: 130.4 | S98: 126.8 | T98: 129.9 | U98: NA | V98: 123.7 | W98: 124.5 | X98: 121.4 | Y98: 113.8 | Z98: 119.6 | AA98: 124.5 | AB98: 113.7 | AC98: 118.8 | AD98: 127
A99: Urban | B99: 2015 | C99: September | D99: 123.4 | E99: 129 | F99: 115.6 | G99: 128.3 | H99: 107 | I99: 124 | J99: 168.5 | K99: 165.4 | L99: 86.3 | M99: 134.4 | N99: 119.1 | O99: 132.3 | P99: 131.5 | Q99: 134.7 | R99: 124 | S99: 118.6 | T99: 123.2 | U99: 121.6 | V99: 115.1 | W99: 120.4 | X99: 117.1 | Y99: 109.1 | Z99: 117.3 | AA99: 126.5 | AB99: 112.9 | AC99: 116.2 | AD99: 123.5
A100: Rural+Urban | B100: 2015 | C100: September | D100: 124.6 | E100: 130.4 | F100: 118.7 | G100: 128.9 | H100: 111.9 | I100: 128.4 | J100: 162.2 | K100: 150 | L100: 90.4 | M100: 128.4 | N100: 120.7 | O100: 132.5 | P100: 131.2 | Q100: 132 | R100: 127.9 | S100: 123.4 | T100: 127.2 | U100: 121.6 | V100: 120.4 | W100: 122.6 | X100: 119.8 | Y100: 111.3 | Z100: 118.3 | AA100: 125.7 | AB100: 113.4 | AC100: 117.5 | AD100: 125.4
...

Sheet Clean Data
A1: S. No. | B1: Sector | C1: Year | D1: Month | E1: Cereals and products | F1: Meat and fish | G1: Egg | H1: Milk and products | I1: Oils and fats | J1: Fruits | K1: Vegetables | L1: Pulses and products | M1: Sugar and Confectionery | N1: Spices | O1: Non-alcoholic beverages | P1: Prepared meals, snacks, sweets etc. | Q1: Food and beverages | R1: Pan, tobacco and intoxicants | S1: Clothing | T1: Footwear | U1: Clothing and footwear | V1: Housing | W1: Fuel and light | X1: Household goods and services | Y1: Health | Z1: Transport and communication | AA1: Recreation and amusement | AB1: Education | AC1: Personal care and effects | AD1: Miscellaneous | AE1: General index
A2: 1 | B2: Rural | C2: 2013 | D2: January | E2: 107.5 | F2: 106.3 | G2: 108.1 | H2: 104.9 | I2: 106.1 | J2: 103.9 | K2: 101.9 | L2: 106.1 | M2: 106.8 | N2: 103.1 | O2: 104.8 | P2: 106.7 | Q2: 105.5 | R2: 105.1 | S2: 106.5 | T2: 105.8 | U2: 106.4 | V2: =VLOOKUP($A2,'Impute housing Missing Value'!$A$1:$C$125,3,0) -> 100.3 | W2: 105.5 | X2: 104.8 | Y2: 104 | Z2: 103.3 | AA2: 103.4 | AB2: 103.8 | AC2: 104.7 | AD2: 104 | AE2: 105.1
A3: 2 | B3: Urban | C3: 2013 | D3: January | E3: 110.5 | F3: 109.1 | G3: 113 | H3: 103.6 | I3: 103.4 | J3: 102.3 | K3: 102.9 | L3: 105.8 | M3: 105.1 | N3: 101.8 | O3: 105.1 | P3: 107.9 | Q3: 105.9 | R3: 105.2 | S3: 105.9 | T3: 105 | U3: 105.8 | V3: 100.4 | W3: 105.4 | X3: 104.8 | Y3: 104.1 | Z3: 103.2 | AA3: 102.9 | AB3: 103.5 | AC3: 104.3 | AD3: 103.7 | AE3: 104
A4: 3 | B4: Rural+Urban | C4: 2013 | D4: January | E4: 108.4 | F4: 107.3 | G4: 110 | H4: 104.4 | I4: 105.1 | J4: 103.2 | K4: 102.2 | L4: 106 | M4: 106.2 | N4: 102.7 | O4: 104.9 | P4: 107.3 | Q4: 105.6 | R4: 105.1 | S4: 106.3 | T4: 105.5 | U4: 106.2 | V4: 100.4 | W4: 105.5 | X4: 104.8 | Y4: 104 | Z4: 103.2 | AA4: 103.1 | AB4: 103.6 | AC4: 104.5 | AD4: 103.9 | AE4: 104.6
A5: 4 | B5: Rural | C5: 2013 | D5: February | E5: 109.2 | F5: 108.7 | G5: 110.2 | H5: 105.4 | I5: 106.7 | J5: 104 | K5: 102.4 | L5: 105.9 | M5: 105.7 | N5: 103.1 | O5: 105.1 | P5: 107.7 | Q5: 106.3 | R5: 105.6 | S5: 107.1 | T5: 106.3 | U5: 107 | V5: =VLOOKUP($A5,'Impute housing Missing Value'!$A$1:$C$125,3,0) -> 100.4 | W5: 106.2 | X5: 105.2 | Y5: 104.4 | Z5: 103.9 | AA5: 104 | AB5: 104.1 | AC5: 104.6 | AD5: 104.4 | AE5: 105.8
A6: 5 | B6: Urban | C6: 2013 | D6: February | E6: 112.9 | F6: 112.9 | G6: 116.9 | H6: 104 | I6: 103.5 | J6: 103.1 | K6: 104.9 | L6: 104.1 | M6: 103.8 | N6: 102.3 | O6: 106 | P6: 109 | Q6: 107.2 | R6: 106 | S6: 106.6 | T6: 105.5 | U6: 106.4 | V6: 100.4 | W6: 105.7 | X6: 105.2 | Y6: 104.7 | Z6: 104.4 | AA6: 103.3 | AB6: 103.7 | AC6: 104.3 | AD6: 104.3 | AE6: 104.7
A7: 6 | B7: Rural+Urban | C7: 2013 | D7: February | E7: 110.4 | F7: 110.2 | G7: 112.8 | H7: 104.9 | I7: 105.5 | J7: 103.6 | K7: 103.2 | L7: 105.3 | M7: 105.1 | N7: 102.8 | O7: 105.5 | P7: 108.3 | Q7: 106.6 | R7: 105.7 | S7: 106.9 | T7: 106 | U7: 106.8 | V7: 100.4 | W7: 106 | X7: 105.2 | Y7: 104.5 | Z7: 104.2 | AA7: 103.6 | AB7: 103.9 | AC7: 104.5 | AD7: 104.4 | AE7: 105.3
A8: 7 | B8: Rural | C8: 2013 | D8: March | E8: 110.2 | F8: 108.8 | G8: 109.9 | H8: 105.6 | I8: 106.2 | J8: 105.7 | K8: 101.4 | L8: 105.7 | M8: 105 | N8: 103.3 | O8: 105.6 | P8: 108.2 | Q8: 106.6 | R8: 106.5 | S8: 107.6 | T8: 106.8 | U8: 107.5 | V8: =VLOOKUP($A8,'Impute housing Missing Value'!$A$1:$C$125,3,0) -> 100.4 | W8: 106.1 | X8: 105.6 | Y8: 104.7 | Z8: 104.6 | AA8: 104 | AB8: 104.3 | AC8: 104.3 | AD8: 104.6 | AE8: 106
A9: 8 | B9: Urban | C9: 2013 | D9: March | E9: 113.9 | F9: 111.4 | G9: 113.2 | H9: 104.3 | I9: 102.7 | J9: 104.9 | K9: 103.8 | L9: 103.5 | M9: 102.6 | N9: 102.4 | O9: 107 | P9: 109.8 | Q9: 107.3 | R9: 106.8 | S9: 107.2 | T9: 106 | U9: 107 | V9: 100.4 | W9: 106 | X9: 105.7 | Y9: 105.2 | Z9: 105.5 | AA9: 103.5 | AB9: 103.8 | AC9: 104.2 | AD9: 104.9 | AE9: 105
A10: 9 | B10: Rural+Urban | C10: 2013 | D10: March | E10: 111.4 | F10: 109.7 | G10: 111.2 | H10: 105.1 | I10: 104.9 | J10: 105.3 | K10: 102.2 | L10: 105 | M10: 104.2 | N10: 103 | O10: 106.2 | P10: 108.9 | Q10: 106.9 | R10: 106.6 | S10: 107.4 | T10: 106.5 | U10: 107.3 | V10: 100.4 | W10: 106.1 | X10: 105.6 | Y10: 104.9 | Z10: 105.1 | AA10: 103.7 | AB10: 104 | AC10: 104.3 | AD10: 104.7 | AE10: 105.5
A11: 10 | B11: Rural | C11: 2013 | D11: April | E11: 110.2 | F11: 109.5 | G11: 106.9 | H11: 106.3 | I11: 105.7 | J11: 108.3 | K11: 103.4 | L11: 105.7 | M11: 104.2 | N11: 103.2 | O11: 106.5 | P11: 108.8 | Q11: 107.1 | R11: 107.1 | S11: 108.1 | T11: 107.4 | U11: 108 | V11: =VLOOKUP($A11,'Impute housing Missing Value'!$A$1:$C$125,3,0) -> 100.5 | W11: 106.5 | X11: 106.1 | Y11: 105.1 | Z11: 104.4 | AA11: 104.5 | AB11: 104.8 | AC11: 102.7 | AD11: 104.6 | AE11: 106.4
A12: 11 | B12: Urban | C12: 2013 | D12: April | E12: 114.6 | F12: 113.4 | G12: 106 | H12: 104.7 | I12: 102.1 | J12: 109.5 | K12: 109.7 | L12: 104.6 | M12: 102 | N12: 103.5 | O12: 108.2 | P12: 110.6 | Q12: 108.8 | R12: 108.5 | S12: 107.9 | T12: 106.4 | U12: 107.7 | V12: 100.4 | W12: 106.4 | X12: 106.5 | Y12: 105.7 | Z12: 105 | AA12: 104 | AB12: 105.2 | AC12: 103.2 | AD12: 105.1 | AE12: 105.7
A13: 12 | B13: Rural+Urban | C13: 2013 | D13: April | E13: 111.6 | F13: 110.9 | G13: 106.6 | H13: 105.7 | I13: 104.4 | J13: 108.9 | K13: 105.5 | L13: 105.3 | M13: 103.5 | N13: 103.3 | O13: 107.2 | P13: 109.6 | Q13: 107.7 | R13: 107.5 | S13: 108 | T13: 107 | U13: 107.9 | V13: 100.4 | W13: 106.5 | X13: 106.3 | Y13: 105.3 | Z13: 104.7 | AA13: 104.2 | AB13: 105 | AC13: 102.9 | AD13: 104.8 | AE13: 106.1
A14: 13 | B14: Rural | C14: 2013 | D14: May | E14: 110.9 | F14: 109.8 | G14: 105.9 | H14: 107.5 | I14: 105.3 | J14: 108.1 | K14: 107.3 | L14: 106.1 | M14: 103.7 | N14: 104 | O14: 107.4 | P14: 109.9 | Q14: 108.1 | R14: 108.1 | S14: 108.8 | T14: 107.9 | U14: 108.6 | V14: =VLOOKUP($A14,'Impute housing Missing Value'!$A$1:$C$125,3,0) -> 100.5 | W14: 107.5 | X14: 106.8 | Y14: 105.7 | Z14: 104.1 | AA14: 105 | AB14: 105.5 | AC14: 102.1 | AD14: 104.8 | AE14: 107.2
A15: 14 | B15: Urban | C15: 2013 | D15: May | E15: 115.4 | F15: 114.2 | G15: 102.7 | H15: 105.5 | I15: 101.5 | J15: 110.6 | K15: 123.7 | L15: 105.2 | M15: 101.9 | N15: 105 | O15: 109.1 | P15: 111.3 | Q15: 111.1 | R15: 109.8 | S15: 108.5 | T15: 106.7 | U15: 108.3 | V15: 100.4 | W15: 107.2 | X15: 107.1 | Y15: 106.2 | Z15: 103.9 | AA15: 104.6 | AB15: 105.7 | AC15: 102.6 | AD15: 104.9 | AE15: 106.6
A16: 15 | B16: Rural+Urban | C16: 2013 | D16: May | E16: 112.3 | F16: 111.3 | G16: 104.7 | H16: 106.8 | I16: 103.9 | J16: 109.3 | K16: 112.9 | L16: 105.8 | M16: 103.1 | N16: 104.3 | O16: 108.1 | P16: 110.5 | Q16: 109.2 | R16: 108.6 | S16: 108.7 | T16: 107.4 | U16: 108.5 | V16: 100.4 | W16: 107.4 | X16: 106.9 | Y16: 105.9 | Z16: 104 | AA16: 104.8 | AB16: 105.6 | AC16: 102.3 | AD16: 104.8 | AE16: 106.9
A17: 16 | B17: Rural | C17: 2013 | D17: June | E17: 112.3 | F17: 112.1 | G17: 108.1 | H17: 108.3 | I17: 105.9 | J17: 109.2 | K17: 118 | L17: 106.8 | M17: 104.1 | N17: 105.4 | O17: 108.2 | P17: 111 | Q17: 110.6 | R17: 109 | S17: 109.7 | T17: 108.8 | U17: 109.5 | V17: =VLOOKUP($A17,'Impute housing Missing Value'!$A$1:$C$125,3,0) -> 106.6 | W17: 108.5 | X17: 107.5 | Y17: 106.3 | Z17: 105 | AA17: 105.6 | AB17: 106.5 | AC17: 102.5 | AD17: 105.5 | AE17: 108.9
A18: 17 | B18: Urban | C18: 2013 | D18: June | E18: 117 | F18: 120.1 | G18: 112.5 | H18: 107.3 | I18: 101.3 | J18: 112.4 | K18: 143.6 | L18: 105.4 | M18: 101.4 | N18: 106.4 | O18: 110 | P18: 112.2 | Q18: 115 | R18: 110.9 | S18: 109.2 | T18: 107.2 | U18: 108.9 | V18: 100.4 | W18: 108 | X18: 107.7 | Y18: 106.5 | Z18: 105.2 | AA18: 105.2 | AB18: 108.1 | AC18: 103.3 | AD18: 106.1 | AE18: 109.7
A19: 18 | B19: Rural+Urban | C19: 2013 | D19: June | E19: 113.8 | F19: 114.9 | G19: 109.8 | H19: 107.9 | I19: 104.2 | J19: 110.7 | K19: 126.7 | L19: 106.3 | M19: 103.2 | N19: 105.7 | O19: 109 | P19: 111.6 | Q19: 112.2 | R19: 109.5 | S19: 109.5 | T19: 108.1 | U19: 109.3 | V19: 100.4 | W19: 108.3 | X19: 107.6 | Y19: 106.4 | Z19: 105.1 | AA19: 105.4 | AB19: 107.4 | AC19: 102.8 | AD19: 105.8 | AE19: 109.3
A20: 19 | B20: Rural | C20: 2013 | D20: July | E20: 113.4 | F20: 114.9 | G20: 110.5 | H20: 109.3 | I20: 106.2 | J20: 110.3 | K20: 129.2 | L20: 107.1 | M20: 104.3 | N20: 106.4 | O20: 109.1 | P20: 112.1 | Q20: 113.1 | R20: 109.8 | S20: 110.5 | T20: 109.5 | U20: 110.3 | V20: =VLOOKUP($A20,'Impute housing Missing Value'!$A$1:$C$125,3,0) -> 107.7 | W20: 109.5 | X20: 108.3 | Y20: 106.9 | Z20: 106.8 | AA20: 106.4 | AB20: 107.8 | AC20: 102.5 | AD20: 106.5 | AE20: 110.7
A21: 20 | B21: Urban | C21: 2013 | D21: July | E21: 117.8 | F21: 119.2 | G21: 114 | H21: 108.3 | I21: 101.1 | J21: 113.2 | K21: 160.9 | L21: 105.1 | M21: 101.3 | N21: 107.5 | O21: 110.4 | P21: 113.1 | Q21: 117.5 | R21: 111.7 | S21: 109.8 | T21: 107.8 | U21: 109.5 | V21: 100.4 | W21: 108.6 | X21: 108.1 | Y21: 107.1 | Z21: 107.3 | AA21: 105.9 | AB21: 110.1 | AC21: 103.2 | AD21: 107.3 | AE21: 111.4
A22: 21 | B22: Rural+Urban | C22: 2013 | D22: July | E22: 114.8 | F22: 116.4 | G22: 111.9 | H22: 108.9 | I22: 104.3 | J22: 111.7 | K22: 140 | L22: 106.4 | M22: 103.3 | N22: 106.8 | O22: 109.6 | P22: 112.6 | Q22: 114.7 | R22: 110.3 | S22: 110.2 | T22: 108.8 | U22: 110 | V22: 100.4 | W22: 109.2 | X22: 108.2 | Y22: 107 | Z22: 107.1 | AA22: 106.1 | AB22: 109.1 | AC22: 102.8 | AD22: 106.9 | AE22: 111
A23: 22 | B23: Rural | C23: 2013 | D23: August | E23: 114.3 | F23: 115.4 | G23: 111.1 | H23: 110 | I23: 106.4 | J23: 110.8 | K23: 138.9 | L23: 107.4 | M23: 104.1 | N23: 106.9 | O23: 109.7 | P23: 112.6 | Q23: 114.9 | R23: 110.7 | S23: 111.3 | T23: 110.2 | U23: 111.1 | V23: =VLOOKUP($A23,'Impute housing Missing Value'!$A$1:$C$125,3,0) -> 108.9 | W23: 109.9 | X23: 108.7 | Y23: 107.5 | Z23: 107.8 | AA23: 106.8 | AB23: 108.7 | AC23: 105 | AD23: 107.5 | AE23: 112.1
A24: 23 | B24: Urban | C24: 2013 | D24: August | E24: 118.3 | F24: 120.4 | G24: 112.7 | H24: 108.9 | I24: 101.1 | J24: 108.7 | K24: 177 | L24: 104.7 | M24: 101 | N24: 108.5 | O24: 110.9 | P24: 114.3 | Q24: 119.6 | R24: 112.4 | S24: 110.6 | T24: 108.3 | U24: 110.2 | V24: 100.4 | W24: 109.3 | X24: 108.7 | Y24: 107.6 | Z24: 108.1 | AA24: 106.5 | AB24: 110.8 | AC24: 106 | AD24: 108.3 | AE24: 112.7
A25: 24 | B25: Rural+Urban | C25: 2013 | D25: August | E25: 115.6 | F25: 117.2 | G25: 111.7 | H25: 109.6 | I25: 104.5 | J25: 109.8 | K25: 151.8 | L25: 106.5 | M25: 103.1 | N25: 107.4 | O25: 110.2 | P25: 113.4 | Q25: 116.6 | R25: 111.2 | S25: 111 | T25: 109.4 | U25: 110.7 | V25: 100.4 | W25: 109.7 | X25: 108.7 | Y25: 107.5 | Z25: 108 | AA25: 106.6 | AB25: 109.9 | AC25: 105.4 | AD25: 107.9 | AE25: 112.4
A26: 25 | B26: Rural | C26: 2013 | D26: September | E26: 115.4 | F26: 115.7 | G26: 111.7 | H26: 111 | I26: 107.4 | J26: 110.9 | K26: 154 | L26: 108.1 | M26: 104.2 | N26: 107.9 | O26: 110.4 | P26: 114 | Q26: 117.8 | R26: 111.7 | S26: 112.7 | T26: 111.4 | U26: 112.5 | V26: =VLOOKUP($A26,'Impute housing Missing Value'!$A$1:$C$125,3,0) -> 109.7 | W26: 111.1 | X26: 109.6 | Y26: 108.3 | Z26: 109.3 | AA26: 107.7 | AB26: 109.8 | AC26: 106.7 | AD26: 108.7 | AE26: 114.2
A27: 26 | B27: Urban | C27: 2013 | D27: September | E27: 118.6 | F27: 119.1 | G27: 113.2 | H27: 109.6 | I27: 101.7 | J27: 103.2 | K27: 174.3 | L27: 105.1 | M27: 100.8 | N27: 109.1 | O27: 111.1 | P27: 115.4 | Q27: 119.2 | R27: 112.9 | S27: 111.4 | T27: 109 | U27: 111.1 | V27: 100.4 | W27: 109.5 | X27: 109.6 | Y27: 107.9 | Z27: 110.4 | AA27: 107.4 | AB27: 111.2 | AC27: 106.9 | AD27: 109.4 | AE27: 113.2
A28: 27 | B28: Rural+Urban | C28: 2013 | D28: September | E28: 116.4 | F28: 116.9 | G28: 112.3 | H28: 110.5 | I28: 105.3 | J28: 107.3 | K28: 160.9 | L28: 107.1 | M28: 103.1 | N28: 108.3 | O28: 110.7 | P28: 114.6 | Q28: 118.3 | R28: 112 | S28: 112.2 | T28: 110.4 | U28: 111.9 | V28: 100.4 | W28: 110.5 | X28: 109.6 | Y28: 108.1 | Z28: 109.9 | AA28: 107.5 | AB28: 110.6 | AC28: 106.8 | AD28: 109 | AE28: 113.7
A29: 28 | B29: Rural | C29: 2013 | D29: October | E29: 116.3 | F29: 115.4 | G29: 112.6 | H29: 111.7 | I29: 107.7 | J29: 113.2 | K29: 164.9 | L29: 108.3 | M29: 103.9 | N29: 108.2 | O29: 111.1 | P29: 114.9 | Q29: 119.8 | R29: 112.2 | S29: 113.6 | T29: 112.3 | U29: 113.4 | V29: =VLOOKUP($A29,'Impute housing Missing Value'!$A$1:$C$125,3,0) -> 110.5 | W29: 111.6 | X29: 110.4 | Y29: 108.9 | Z29: 109.3 | AA29: 108.3 | AB29: 110.2 | AC29: 107.5 | AD29: 109.1 | AE29: 115.5
A30: 29 | B30: Urban | C30: 2013 | D30: October | E30: 118.9 | F30: 118.1 | G30: 114.5 | H30: 110.4 | I30: 102.3 | J30: 106.2 | K30: 183.5 | L30: 105.3 | M30: 100.2 | N30: 109.6 | O30: 111.4 | P30: 116 | Q30: 120.8 | R30: 113.5 | S30: 112.5 | T30: 109.7 | U30: 112 | V30: 100.4 | W30: 109.7 | X30: 110.2 | Y30: 108.2 | Z30: 109.7 | AA30: 108 | AB30: 111.3 | AC30: 107.3 | AD30: 109.4 | AE30: 114
A31: 30 | B31: Rural+Urban | C31: 2013 | D31: October | E31: 117.1 | F31: 116.3 | G31: 113.3 | H31: 111.2 | I31: 105.7 | J31: 109.9 | K31: 171.2 | L31: 107.3 | M31: 102.7 | N31: 108.7 | O31: 111.2 | P31: 115.4 | Q31: 120.2 | R31: 112.5 | S31: 113.2 | T31: 111.2 | U31: 112.8 | V31: 100.4 | W31: 110.9 | X31: 110.3 | Y31: 108.6 | Z31: 109.5 | AA31: 108.1 | AB31: 110.8 | AC31: 107.4 | AD31: 109.2 | AE31: 114.8
A32: 31 | B32: Rural | C32: 2013 | D32: November | E32: 117.3 | F32: 114.9 | G32: 116.2 | H32: 112.8 | I32: 108.9 | J32: 116.6 | K32: 178.1 | L32: 109.1 | M32: 103.6 | N32: 109 | O32: 111.8 | P32: 116 | Q32: 122.5 | R32: 112.8 | S32: 114.6 | T32: 113.1 | U32: 114.4 | V32: =VLOOKUP($A32,'Impute housing Missing Value'!$A$1:$C$125,3,0) -> 111.1 | W32: 112.6 | X32: 111.3 | Y32: 109.7 | Z32: 109.6 | AA32: 108.7 | AB32: 111 | AC32: 108.2 | AD32: 109.8 | AE32: 117.4
A33: 32 | B33: Urban | C33: 2013 | D33: November | E33: 119.8 | F33: 116.3 | G33: 122.6 | H33: 112 | I33: 103.2 | J33: 110 | K33: 192.8 | L33: 106.3 | M33: 99.5 | N33: 110.3 | O33: 111.8 | P33: 117.1 | Q33: 122.9 | R33: 114.1 | S33: 113.5 | T33: 110.3 | U33: 113 | V33: 100.4 | W33: 110 | X33: 110.9 | Y33: 108.6 | Z33: 109.5 | AA33: 108.5 | AB33: 111.3 | AC33: 107.9 | AD33: 109.6 | AE33: 115
A34: 33 | B34: Rural+Urban | C34: 2013 | D34: November | E34: 118.1 | F34: 115.4 | G34: 118.7 | H34: 112.5 | I34: 106.8 | J34: 113.5 | K34: 183.1 | L34: 108.2 | M34: 102.2 | N34: 109.4 | O34: 111.8 | P34: 116.5 | Q34: 122.6 | R34: 113.1 | S34: 114.2 | T34: 111.9 | U34: 113.8 | V34: 100.4 | W34: 111.6 | X34: 111.1 | Y34: 109.3 | Z34: 109.5 | AA34: 108.6 | AB34: 111.2 | AC34: 108.1 | AD34: 109.7 | AE34: 116.3
A35: 34 | B35: Rural | C35: 2013 | D35: December | E35: 118.4 | F35: 115.9 | G35: 120.4 | H35: 113.8 | I35: 109.5 | J35: 115.5 | K35: 145.7 | L35: 109.5 | M35: 102.9 | N35: 109.8 | O35: 112.1 | P35: 116.8 | Q35: 118.7 | R35: 113.6 | S35: 115.8 | T35: 114 | U35: 115.5 | V35: =VLOOKUP($A35,'Impute housing Missing Value'!$A$1:$C$125,3,0) -> 110.7 | W35: 112.8 | X35: 112.1 | Y35: 110.1 | Z35: 109.9 | AA35: 109.2 | AB35: 111.6 | AC35: 108.1 | AD35: 110.1 | AE35: 115.5
A36: 35 | B36: Urban | C36: 2013 | D36: December | E36: 120.5 | F36: 118.1 | G36: 128.5 | H36: 112.8 | I36: 103.4 | J36: 110.7 | K36: 144.8 | L36: 107.1 | M36: 98.6 | N36: 111.9 | O36: 112.1 | P36: 118.1 | Q36: 117.8 | R36: 115 | S36: 114.2 | T36: 110.9 | U36: 113.7 | V36: 100.4 | W36: 110.4 | X36: 111.3 | Y36: 109 | Z36: 109.7 | AA36: 108.9 | AB36: 111.4 | AC36: 107.7 | AD36: 109.8 | AE36: 113.3
A37: 36 | B37: Rural+Urban | C37: 2013 | D37: December | E37: 119.1 | F37: 116.7 | G37: 123.5 | H37: 113.4 | I37: 107.3 | J37: 113.3 | K37: 145.4 | L37: 108.7 | M37: 101.5 | N37: 110.5 | O37: 112.1 | P37: 117.4 | Q37: 118.4 | R37: 114 | S37: 115.2 | T37: 112.7 | U37: 114.8 | V37: 100.4 | W37: 111.9 | X37: 111.7 | Y37: 109.7 | Z37: 109.8 | AA37: 109 | AB37: 111.5 | AC37: 107.9 | AD37: 110 | AE37: 114.5
A38: 37 | B38: Rural | C38: 2014 | D38: January | E38: 118.9 | F38: 117.1 | G38: 120.5 | H38: 114.4 | I38: 109 | J38: 115.5 | K38: 123.9 | L38: 109.6 | M38: 101.8 | N38: 110.2 | O38: 112.4 | P38: 117.3 | Q38: 116 | R38: 114 | S38: 116.5 | T38: 114.5 | U38: 116.2 | V38: =VLOOKUP($A38,'Impute housing Missing Value'!$A$1:$C$125,3,0) -> 111.6 | W38: 113 | X38: 112.6 | Y38: 110.6 | Z38: 110.5 | AA38: 109.6 | AB38: 111.8 | AC38: 108.3 | AD38: 110.6 | AE38: 114.2
A39: 38 | B39: Urban | C39: 2014 | D39: January | E39: 121.2 | F39: 122 | G39: 129.9 | H39: 113.6 | I39: 102.9 | J39: 112.1 | K39: 118.9 | L39: 107.5 | M39: 96.9 | N39: 112.7 | O39: 112.1 | P39: 119 | Q39: 115.5 | R39: 115.7 | S39: 114.8 | T39: 111.3 | U39: 114.3 | V39: 100.4 | W39: 111 | X39: 111.9 | Y39: 109.7 | Z39: 110.8 | AA39: 109.8 | AB39: 111.5 | AC39: 108 | AD39: 110.5 | AE39: 112.9
A40: 39 | B40: Rural+Urban | C40: 2014 | D40: January | E40: 119.6 | F40: 118.8 | G40: 124.1 | H40: 114.1 | I40: 106.8 | J40: 113.9 | K40: 122.2 | L40: 108.9 | M40: 100.2 | N40: 111 | O40: 112.3 | P40: 118.1 | Q40: 115.8 | R40: 114.5 | S40: 115.8 | T40: 113.2 | U40: 115.4 | V40: 100.4 | W40: 112.2 | X40: 112.3 | Y40: 110.3 | Z40: 110.7 | AA40: 109.7 | AB40: 111.6 | AC40: 108.2 | AD40: 110.6 | AE40: 113.6
A41: 40 | B41: Rural | C41: 2014 | D41: February | E41: 119.4 | F41: 117.7 | G41: 121.2 | H41: 115 | I41: 109 | J41: 116.6 | K41: 116 | L41: 109.8 | M41: 101.1 | N41: 110.4 | O41: 112.9 | P41: 117.8 | Q41: 115.3 | R41: 114.2 | S41: 117.1 | T41: 114.5 | U41: 116.7 | V41: =VLOOKUP($A41,'Impute housing Missing Value'!$A$1:$C$125,3,0) -> 112.5 | W41: 113.2 | X41: 112.9 | Y41: 110.9 | Z41: 110.8 | AA41: 109.9 | AB41: 112 | AC41: 108.7 | AD41: 110.9 | AE41: 114
A42: 41 | B42: Urban | C42: 2014 | D42: February | E42: 121.9 | F42: 122 | G42: 124.5 | H42: 115.2 | I42: 102.5 | J42: 114.1 | K42: 111.5 | L42: 108.2 | M42: 95.4 | N42: 113.5 | O42: 112.1 | P42: 119.9 | Q42: 115.2 | R42: 116.2 | S42: 115.3 | T42: 111.7 | U42: 114.7 | V42: 100.4 | W42: 111.1 | X42: 112.6 | Y42: 110.4 | Z42: 111.3 | AA42: 110.3 | AB42: 111.6 | AC42: 108.7 | AD42: 111 | AE42: 113.1
A43: 42 | B43: Rural+Urban | C43: 2014 | D43: February | E43: 120.2 | F43: 119.2 | G43: 122.5 | H43: 115.1 | I43: 106.6 | J43: 115.4 | K43: 114.5 | L43: 109.3 | M43: 99.2 | N43: 111.4 | O43: 112.6 | P43: 118.8 | Q43: 115.3 | R43: 114.7 | S43: 116.4 | T43: 113.3 | U43: 115.9 | V43: 100.4 | W43: 112.4 | X43: 112.8 | Y43: 110.7 | Z43: 111.1 | AA43: 110.1 | AB43: 111.8 | AC43: 108.7 | AD43: 110.9 | AE43: 113.6
A44: 43 | B44: Rural | C44: 2014 | D44: March | E44: 120.1 | F44: 118.1 | G44: 120.7 | H44: 116.1 | I44: 109.3 | J44: 119.6 | K44: 117.9 | L44: 110.2 | M44: 101.2 | N44: 110.7 | O44: 113 | P44: 118.3 | Q44: 116.2 | R44: 114.6 | S44: 117.5 | T44: 114.9 | U44: 117.2 | V44: =VLOOKUP($A44,'Impute housing Missing Value'!$A$1:$C$125,3,0) -> 113.2 | W44: 113.4 | X44: 113.4 | Y44: 111.4 | Z44: 111.2 | AA44: 110.2 | AB44: 112.4 | AC44: 108.9 | AD44: 111.3 | AE44: 114.6
A45: 44 | B45: Urban | C45: 2014 | D45: March | E45: 122.1 | F45: 121.4 | G45: 121.5 | H45: 116.2 | I45: 102.8 | J45: 117.7 | K45: 113.3 | L45: 108.9 | M45: 96.3 | N45: 114.1 | O45: 112.2 | P45: 120.5 | Q45: 116 | R45: 116.7 | S45: 115.8 | T45: 112.1 | U45: 115.2 | V45: 100.4 | W45: 110.9 | X45: 113 | Y45: 110.8 | Z45: 111.6 | AA45: 110.9 | AB45: 111.8 | AC45: 109.2 | AD45: 111.4 | AE45: 113.7
A46: 45 | B46: Rural+Urban | C46: 2014 | D46: Marcrh | E46: 120.7 | F46: 119.3 | G46: 121 | H46: 116.1 | I46: 106.9 | J46: 118.7 | K46: 116.3 | L46: 109.8 | M46: 99.6 | N46: 111.8 | O46: 112.7 | P46: 119.3 | Q46: 116.1 | R46: 115.2 | S46: 116.8 | T46: 113.7 | U46: 116.4 | V46: 100.4 | W46: 112.5 | X46: 113.2 | Y46: 111.2 | Z46: 111.4 | AA46: 110.6 | AB46: 112 | AC46: 109 | AD46: 111.3 | AE46: 114.2
A47: 46 | B47: Rural | C47: 2014 | D47: April | E47: 120.2 | F47: 118.9 | G47: 118.1 | H47: 117 | I47: 109.7 | J47: 125.5 | K47: 120.5 | L47: 111 | M47: 102.6 | N47: 111.2 | O47: 113.5 | P47: 118.7 | Q47: 117.2 | R47: 115.4 | S47: 118.1 | T47: 116.1 | U47: 117.8 | V47: =VLOOKUP($A47,'Impute housing Missing Value'!$A$1:$C$125,3,0) -> 113.9 | W47: 113.4 | X47: 113.7 | Y47: 111.8 | Z47: 111.2 | AA47: 110.5 | AB47: 113 | AC47: 108.9 | AD47: 111.5 | AE47: 115.4
A48: 47 | B48: Urban | C48: 2014 | D48: April | E48: 122.5 | F48: 121.7 | G48: 113.3 | H48: 117 | I48: 103.1 | J48: 126.7 | K48: 121.2 | L48: 111 | M48: 100.3 | N48: 115.3 | O48: 112.7 | P48: 121 | Q48: 118.2 | R48: 117.6 | S48: 116.3 | T48: 112.5 | U48: 115.7 | V48: 100.4 | W48: 110.9 | X48: 113.4 | Y48: 111 | Z48: 111.2 | AA48: 111.2 | AB48: 112.5 | AC48: 109.1 | AD48: 111.4 | AE48: 114.7
A49: 48 | B49: Rural+Urban | C49: 2014 | D49: April | E49: 120.9 | F49: 119.9 | G49: 116.2 | H49: 117 | I49: 107.3 | J49: 126.1 | K49: 120.7 | L49: 111 | M49: 101.8 | N49: 112.6 | O49: 113.2 | P49: 119.8 | Q49: 117.6 | R49: 116 | S49: 117.4 | T49: 114.6 | U49: 117 | V49: 100.4 | W49: 112.5 | X49: 113.6 | Y49: 111.5 | Z49: 111.2 | AA49: 110.9 | AB49: 112.7 | AC49: 109 | AD49: 111.5 | AE49: 115.1
A50: 49 | B50: Rural | C50: 2014 | D50: May | E50: 120.3 | F50: 120.2 | G50: 116.9 | H50: 118 | I50: 110.1 | J50: 126.3 | K50: 123.9 | L50: 111.5 | M50: 103.5 | N50: 111.6 | O50: 114.2 | P50: 119.2 | Q50: 118.2 | R50: 116.3 | S50: 118.7 | T50: 116.8 | U50: 118.5 | V50: =VLOOKUP($A50,'Impute housing Missing Value'!$A$1:$C$125,3,0) -> 114.3 | W50: 113.4 | X50: 114.1 | Y50: 112.1 | Z50: 111.4 | AA50: 110.9 | AB50: 113.1 | AC50: 108.9 | AD50: 111.8 | AE50: 116
A51: 50 | B51: Urban | C51: 2014 | D51: May | E51: 122.7 | F51: 124.1 | G51: 114.2 | H51: 119.1 | I51: 103.5 | J51: 129.2 | K51: 127 | L51: 112.6 | M51: 101.3 | N51: 117 | O51: 112.9 | P51: 121.7 | Q51: 120 | R51: 118.3 | S51: 116.8 | T51: 112.9 | U51: 116.2 | V51: 100.4 | W51: 111.1 | X51: 114.1 | Y51: 111.2 | Z51: 111.3 | AA51: 111.5 | AB51: 112.9 | AC51: 109.3 | AD51: 111.7 | AE51: 115.6
A52: 51 | B52: Rural+Urban | C52: 2014 | D52: May | E52: 121.1 | F52: 121.6 | G52: 115.9 | H52: 118.4 | I52: 107.7 | J52: 127.7 | K52: 125 | L52: 111.9 | M52: 102.8 | N52: 113.4 | O52: 113.7 | P52: 120.4 | Q52: 118.9 | R52: 116.8 | S52: 118 | T52: 115.2 | U52: 117.6 | V52: 100.4 | W52: 112.5 | X52: 114.1 | Y52: 111.8 | Z52: 111.3 | AA52: 111.2 | AB52: 113 | AC52: 109.1 | AD52: 111.8 | AE52: 115.8
A53: 52 | B53: Rural | C53: 2014 | D53: June | E53: 120.7 | F53: 121.6 | G53: 116.1 | H53: 119.3 | I53: 110.3 | J53: 125.8 | K53: 129.3 | L53: 112.2 | M53: 103.6 | N53: 112.3 | O53: 114.9 | P53: 120.1 | Q53: 119.5 | R53: 117.3 | S53: 119.7 | T53: 117.3 | U53: 119.3 | V53: =VLOOKUP($A53,'Impute housing Missing Value'!$A$1:$C$125,3,0) -> 113.9 | W53: 114.4 | X53: 114.9 | Y53: 112.8 | Z53: 112.2 | AA53: 111.4 | AB53: 114.3 | AC53: 108 | AD53: 112.3 | AE53: 117
A54: 53 | B54: Urban | C54: 2014 | D54: June | E54: 123.1 | F54: 125.9 | G54: 115.4 | H54: 120.4 | I54: 103.4 | J54: 131.2 | K54: 137.5 | L54: 112.8 | M54: 101.4 | N54: 118.3 | O54: 113.2 | P54: 122.4 | Q54: 122 | R54: 119 | S54: 117.4 | T54: 113.2 | U54: 116.7 | V54: 100.4 | W54: 111.2 | X54: 114.3 | Y54: 111.4 | Z54: 111.5 | AA54: 111.8 | AB54: 115.1 | AC54: 108.7 | AD54: 112.2 | AE54: 116.4
A55: 54 | B55: Rural+Urban | C55: 2014 | D55: June | E55: 121.5 | F55: 123.1 | G55: 115.8 | H55: 119.7 | I55: 107.8 | J55: 128.3 | K55: 132.1 | L55: 112.4 | M55: 102.9 | N55: 114.3 | O55: 114.2 | P55: 121.2 | Q55: 120.4 | R55: 117.8 | S55: 118.8 | T55: 115.6 | U55: 118.3 | V55: 100.4 | W55: 113.2 | X55: 114.6 | Y55: 112.3 | Z55: 111.8 | AA55: 111.6 | AB55: 114.8 | AC55: 108.3 | AD55: 112.3 | AE55: 116.7
A56: 55 | B56: Rural | C56: 2014 | D56: July | E56: 121.7 | F56: 122.5 | G56: 117.7 | H56: 120.6 | I56: 110.4 | J56: 129.1 | K56: 150.1 | L56: 113.2 | M56: 104.8 | N56: 113.3 | O56: 115.6 | P56: 120.9 | Q56: 123.3 | R56: 118 | S56: 120.7 | T56: 118.3 | U56: 120.3 | V56: =VLOOKUP($A56,'Impute housing Missing Value'!$A$1:$C$125,3,0) -> 114.8 | W56: 115.3 | X56: 115.4 | Y56: 113.4 | Z56: 113.2 | AA56: 111.8 | AB56: 115.5 | AC56: 108.8 | AD56: 113.1 | AE56: 119.5
A57: 56 | B57: Urban | C57: 2014 | D57: July | E57: 123.8 | F57: 126.4 | G57: 118 | H57: 121.6 | I57: 103.5 | J57: 133.7 | K57: 172.4 | L57: 113.1 | M57: 102.7 | N57: 120 | O57: 113.8 | P57: 123.4 | Q57: 127.1 | R57: 121 | S57: 118 | T57: 113.6 | U57: 117.4 | V57: 100.4 | W57: 111.6 | X57: 114.9 | Y57: 111.5 | Z57: 113 | AA57: 112.4 | AB57: 117.8 | AC57: 109.7 | AD57: 113.5 | AE57: 118.9
A58: 57 | B58: Rural+Urban | C58: 2014 | D58: July | E58: 122.4 | F58: 123.9 | G58: 117.8 | H58: 121 | I58: 107.9 | J58: 131.2 | K58: 157.7 | L58: 113.2 | M58: 104.1 | N58: 115.5 | O58: 114.8 | P58: 122.1 | Q58: 124.7 | R58: 118.8 | S58: 119.6 | T58: 116.3 | U58: 119.1 | V58: 100.4 | W58: 113.9 | X58: 115.2 | Y58: 112.7 | Z58: 113.1 | AA58: 112.1 | AB58: 116.8 | AC58: 109.2 | AD58: 113.3 | AE58: 119.2
A59: 58 | B59: Rural | C59: 2014 | D59: August | E59: 121.8 | F59: 122.8 | G59: 117.8 | H59: 121.9 | I59: 110.6 | J59: 129.7 | K59: 161.1 | L59: 114.1 | M59: 105.1 | N59: 114.6 | O59: 115.8 | P59: 121.7 | Q59: 125.3 | R59: 118.8 | S59: 120.9 | T59: 118.8 | U59: 120.7 | V59: =VLOOKUP($A59,'Impute housing Missing Value'!$A$1:$C$125,3,0) -> 115.5 | W59: 115.4 | X59: 115.9 | Y59: 114 | Z59: 113.2 | AA59: 112.2 | AB59: 116.2 | AC59: 109.4 | AD59: 113.5 | AE59: 120.7
A60: 59 | B60: Urban | C60: 2014 | D60: August | E60: 124.8 | F60: 127.3 | G60: 116.5 | H60: 122.2 | I60: 103.6 | J60: 132.7 | K60: 181.9 | L60: 115.2 | M60: 102.7 | N60: 122.1 | O60: 114.4 | P60: 124.7 | Q60: 128.9 | R60: 123 | S60: 118.6 | T60: 114.1 | U60: 117.9 | V60: 100.4 | W60: 111.8 | X60: 115.3 | Y60: 112.2 | Z60: 112.5 | AA60: 112.9 | AB60: 119.2 | AC60: 110.5 | AD60: 113.9 | AE60: 119.9
A61: 60 | B61: Rural+Urban | C61: 2014 | D61: August | E61: 122.7 | F61: 124.4 | G61: 117.3 | H61: 122 | I61: 108 | J61: 131.1 | K61: 168.2 | L61: 114.5 | M61: 104.3 | N61: 117.1 | O61: 115.2 | P61: 123.1 | Q61: 126.6 | R61: 119.9 | S61: 120 | T61: 116.8 | U61: 119.6 | V61: 100.4 | W61: 114 | X61: 115.6 | Y61: 113.3 | Z61: 112.8 | AA61: 112.6 | AB61: 118 | AC61: 109.9 | AD61: 113.7 | AE61: 120.3
A62: 61 | B62: Rural | C62: 2014 | D62: September | E62: 122.3 | F62: 122.4 | G62: 117.8 | H62: 122.7 | I62: 110.4 | J62: 129.8 | K62: 158.8 | L62: 115 | M62: 104.7 | N62: 114.9 | O62: 116.5 | P62: 122.6 | Q62: 125.3 | R62: 119.5 | S62: 121.7 | T62: 119.2 | U62: 121.3 | V62: =VLOOKUP($A62,'Impute housing Missing Value'!$A$1:$C$125,3,0) -> 116.1 | W62: 115.8 | X62: 116.7 | Y62: 114.5 | Z62: 112.8 | AA62: 112.6 | AB62: 116.6 | AC62: 109.1 | AD62: 113.7 | AE62: 120.9
A63: 62 | B63: Urban | C63: 2014 | D63: September | E63: 124.2 | F63: 125.4 | G63: 116.4 | H63: 122.7 | I63: 103.5 | J63: 124.5 | K63: 168.6 | L63: 116.9 | M63: 101.9 | N63: 122.9 | O63: 114.8 | P63: 125.2 | Q63: 126.7 | R63: 124.3 | S63: 119.2 | T63: 114.5 | U63: 118.4 | V63: 100.4 | W63: 111.8 | X63: 115.5 | Y63: 112.3 | Z63: 111.2 | AA63: 113.4 | AB63: 120 | AC63: 110 | AD63: 113.6 | AE63: 119.2
A64: 63 | B64: Rural+Urban | C64: 2014 | D64: September | E64: 122.9 | F64: 123.5 | G64: 117.3 | H64: 122.7 | I64: 107.9 | J64: 127.3 | K64: 162.1 | L64: 115.6 | M64: 103.8 | N64: 117.6 | O64: 115.8 | P64: 123.8 | Q64: 125.8 | R64: 120.8 | S64: 120.7 | T64: 117.2 | U64: 120.1 | V64: 100.4 | W64: 114.3 | X64: 116.1 | Y64: 113.7 | Z64: 112 | AA64: 113.1 | AB64: 118.6 | AC64: 109.5 | AD64: 113.7 | AE64: 120.1
A65: 64 | B65: Rural | C65: 2014 | D65: October | E65: 122.6 | F65: 122.5 | G65: 118.3 | H65: 123.2 | I65: 110.5 | J65: 128.9 | K65: 155.3 | L65: 115.5 | M65: 104 | N65: 115.3 | O65: 116.8 | P65: 123.2 | Q65: 125.1 | R65: 120 | S65: 122.7 | T65: 120.3 | U65: 122.3 | V65: =VLOOKUP($A65,'Impute housing Missing Value'!$A$1:$C$125,3,0) -> 116.7 | W65: 116.4 | X65: 117.5 | Y65: 115.3 | Z65: 112.6 | AA65: 113 | AB65: 116.9 | AC65: 109.3 | AD65: 114 | AE65: 121
A66: 65 | B66: Urban | C66: 2014 | D66: October | E66: 124.6 | F66: 126.1 | G66: 117.8 | H66: 123.1 | I66: 103.5 | J66: 123.5 | K66: 159.6 | L66: 117.4 | M66: 101.2 | N66: 123.8 | O66: 115.2 | P66: 125.9 | Q66: 125.8 | R66: 124.3 | S66: 119.6 | T66: 114.9 | U66: 118.9 | V66: 100.4 | W66: 112 | X66: 115.8 | Y66: 112.6 | Z66: 111 | AA66: 113.6 | AB66: 120.2 | AC66: 110.1 | AD66: 113.7 | AE66: 119.1
A67: 66 | B67: Rural+Urban | C67: 2014 | D67: October | E67: 123.2 | F67: 123.8 | G67: 118.1 | H67: 123.2 | I67: 107.9 | J67: 126.4 | K67: 156.8 | L67: 116.1 | M67: 103.1 | N67: 118.1 | O67: 116.1 | P67: 124.5 | Q67: 125.4 | R67: 121.1 | S67: 121.5 | T67: 118.1 | U67: 121 | V67: 100.4 | W67: 114.7 | X67: 116.7 | Y67: 114.3 | Z67: 111.8 | AA67: 113.3 | AB67: 118.8 | AC67: 109.6 | AD67: 113.9 | AE67: 120.1
A68: 67 | B68: Rural | C68: 2014 | D68: November | E68: 122.7 | F68: 122.6 | G68: 119.9 | H68: 124 | I68: 110.5 | J68: 128.8 | K68: 152 | L68: 116.2 | M68: 103.3 | N68: 115.8 | O68: 116.8 | P68: 124.5 | Q68: 124.9 | R68: 120.8 | S68: 123.3 | T68: 120.5 | U68: 122.9 | V68: =VLOOKUP($A68,'Impute housing Missing Value'!$A$1:$C$125,3,0) -> 117.1 | W68: 117.3 | X68: 118.1 | Y68: 115.9 | Z68: 112 | AA68: 113.3 | AB68: 117.2 | AC68: 108.8 | AD68: 114.1 | AE68: 121.1
A69: 68 | B69: Urban | C69: 2014 | D69: November | E69: 124.5 | F69: 125.6 | G69: 122.7 | H69: 124.6 | I69: 103.2 | J69: 122.2 | K69: 153.2 | L69: 119.3 | M69: 99.8 | N69: 124.6 | O69: 115.8 | P69: 126.9 | Q69: 125.4 | R69: 125.8 | S69: 120.3 | T69: 115.4 | U69: 119.5 | V69: 100.4 | W69: 112.6 | X69: 116.4 | Y69: 113 | Z69: 109.7 | AA69: 114 | AB69: 120.3 | AC69: 109.6 | AD69: 113.4 | AE69: 119
A70: 69 | B70: Rural+Urban | C70: 2014 | D70: November | E70: 123.3 | F70: 123.7 | G70: 121 | H70: 124.2 | I70: 107.8 | J70: 125.7 | K70: 152.4 | L70: 117.2 | M70: 102.1 | N70: 118.7 | O70: 116.4 | P70: 125.6 | Q70: 125.1 | R70: 122.1 | S70: 122.1 | T70: 118.4 | U70: 121.6 | V70: 100.4 | W70: 115.5 | X70: 117.3 | Y70: 114.8 | Z70: 110.8 | AA70: 113.7 | AB70: 119 | AC70: 109.1 | AD70: 113.8 | AE70: 120.1
A71: 70 | B71: Rural | C71: 2014 | D71: December | E71: 122.4 | F71: 122.4 | G71: 121.8 | H71: 124.2 | I71: 110.2 | J71: 128.6 | K71: 140.3 | L71: 116.3 | M71: 102 | N71: 116 | O71: 117.3 | P71: 124.8 | Q71: 123.3 | R71: 121.7 | S71: 123.8 | T71: 120.6 | U71: 123.3 | V71: =VLOOKUP($A71,'Impute housing Missing Value'!$A$1:$C$125,3,0) -> 116.5 | W71: 117.4 | X71: 118.2 | Y71: 116.2 | Z71: 111.5 | AA71: 113.3 | AB71: 117.7 | AC71: 109.4 | AD71: 114.2 | AE71: 120.3
A72: 71 | B72: Urban | C72: 2014 | D72: December | E72: 124 | F72: 124.7 | G72: 126.3 | H72: 124.9 | I72: 103 | J72: 122.3 | K72: 141 | L72: 120.1 | M72: 97.8 | N72: 125.4 | O72: 116.1 | P72: 127.6 | Q72: 124 | R72: 126.4 | S72: 120.7 | T72: 115.8 | U72: 120 | V72: 100.4 | W72: 113 | X72: 116.8 | Y72: 113.2 | Z72: 108.8 | AA72: 114.3 | AB72: 120.7 | AC72: 110.4 | AD72: 113.4 | AE72: 118.4
A73: 72 | B73: Rural+Urban | C73: 2014 | D73: December | E73: 122.9 | F73: 123.2 | G73: 123.5 | H73: 124.5 | I73: 107.6 | J73: 125.7 | K73: 140.5 | L73: 117.6 | M73: 100.6 | N73: 119.1 | O73: 116.8 | P73: 126.1 | Q73: 123.6 | R73: 123 | S73: 122.6 | T73: 118.6 | U73: 122 | V73: 100.4 | W73: 115.7 | X73: 117.5 | Y73: 115.1 | Z73: 110.1 | AA73: 113.9 | AB73: 119.5 | AC73: 109.8 | AD73: 113.8 | AE73: 119.4
A74: 73 | B74: Rural | C74: 2015 | D74: January | E74: 123.1 | F74: 123.1 | G74: 122.1 | H74: 124.9 | I74: 111 | J74: 130.4 | K74: 132.3 | L74: 117.2 | M74: 100.5 | N74: 117.2 | O74: 117.9 | P74: 125.6 | Q74: 122.8 | R74: 122.7 | S74: 124.4 | T74: 121.6 | U74: 124 | V74: =VLOOKUP($A74,'Impute housing Missing Value'!$A$1:$C$125,3,0) -> 117.3 | W74: 118.4 | X74: 118.9 | Y74: 116.6 | Z74: 111 | AA74: 114 | AB74: 118.2 | AC74: 110.2 | AD74: 114.5 | AE74: 120.3
A75: 74 | B75: Urban | C75: 2015 | D75: January | E75: 124 | F75: 125.5 | G75: 126.6 | H75: 125.2 | I75: 104.3 | J75: 121.3 | K75: 134.4 | L75: 122.9 | M75: 96.1 | N75: 126.6 | O75: 116.5 | P75: 128 | Q75: 123.5 | R75: 127.4 | S75: 121 | T75: 116.1 | U75: 120.2 | V75: 100.4 | W75: 113.4 | X75: 117.2 | Y75: 113.7 | Z75: 107.9 | AA75: 114.6 | AB75: 120.8 | AC75: 111.4 | AD75: 113.4 | AE75: 118.5
A76: 75 | B76: Rural+Urban | C76: 2015 | D76: January | E76: 123.4 | F76: 123.9 | G76: 123.8 | H76: 125 | I76: 108.5 | J76: 126.2 | K76: 133 | L76: 119.1 | M76: 99 | N76: 120.3 | O76: 117.3 | P76: 126.7 | Q76: 123.1 | R76: 124 | S76: 123.1 | T76: 119.3 | U76: 122.5 | V76: 100.4 | W76: 116.5 | X76: 118.1 | Y76: 115.5 | Z76: 109.4 | AA76: 114.3 | AB76: 119.7 | AC76: 110.7 | AD76: 114 | AE76: 119.5
A77: 76 | B77: Rural | C77: 2015 | D77: February | E77: 123.4 | F77: 124.4 | G77: 122.1 | H77: 125.8 | I77: 111.5 | J77: 129.4 | K77: 128.2 | L77: 118.8 | M77: 100 | N77: 118.6 | O77: 118.8 | P77: 126.8 | Q77: 122.8 | R77: 124.2 | S77: 125.4 | T77: 122.7 | U77: 125 | V77: =VLOOKUP($A77,'Impute housing Missing Value'!$A$1:$C$125,3,0) -> 118.1 | W77: 120 | X77: 119.6 | Y77: 117.7 | Z77: 110.9 | AA77: 114.8 | AB77: 118.7 | AC77: 110.8 | AD77: 115 | AE77: 120.6
A78: 77 | B78: Urban | C78: 2015 | D78: February | E78: 124.3 | F78: 126.5 | G78: 119.5 | H78: 125.6 | I78: 104.9 | J78: 121.6 | K78: 131.8 | L78: 125.1 | M78: 95 | N78: 127.7 | O78: 116.8 | P78: 128.6 | Q78: 123.7 | R78: 128.1 | S78: 121.3 | T78: 116.5 | U78: 120.6 | V78: 100.4 | W78: 114 | X78: 117.7 | Y78: 114.1 | Z78: 106.8 | AA78: 114.9 | AB78: 120.4 | AC78: 111.7 | AD78: 113.2 | AE78: 118.7
A79: 78 | B79: Rural+Urban | C79: 2015 | D79: February | E79: 123.7 | F79: 125.1 | G79: 121.1 | H79: 125.7 | I79: 109.1 | J79: 125.8 | K79: 129.4 | L79: 120.9 | M79: 98.3 | N79: 121.6 | O79: 118 | P79: 127.6 | Q79: 123.1 | R79: 125.2 | S79: 123.8 | T79: 120.1 | U79: 123.3 | V79: 100.4 | W79: 117.7 | X79: 118.7 | Y79: 116.3 | Z79: 108.7 | AA79: 114.9 | AB79: 119.7 | AC79: 111.2 | AD79: 114.1 | AE79: 119.7
A80: 79 | B80: Rural | C80: 2015 | D80: March | E80: 123.3 | F80: 124.7 | G80: 118.9 | H80: 126 | I80: 111.8 | J80: 130.9 | K80: 128 | L80: 119.9 | M80: 98.9 | N80: 119.4 | O80: 118.9 | P80: 127.7 | Q80: 123.1 | R80: 124.7 | S80: 126 | T80: 122.9 | U80: 125.5 | V80: =VLOOKUP($A80,'Impute housing Missing Value'!$A$1:$C$125,3,0) -> 118.6 | W80: 120.6 | X80: 120.2 | Y80: 118.2 | Z80: 111.6 | AA80: 115.5 | AB80: 119.4 | AC80: 110.8 | AD80: 115.5 | AE80: 121.1
A81: 80 | B81: Urban | C81: 2015 | D81: March | E81: 124 | F81: 126.7 | G81: 113.5 | H81: 125.9 | I81: 104.8 | J81: 123.8 | K81: 131.4 | L81: 127.2 | M81: 93.2 | N81: 127.4 | O81: 117 | P81: 129.2 | Q81: 123.9 | R81: 128.8 | S81: 121.7 | T81: 116.9 | U81: 120.9 | V81: 100.4 | W81: 114.4 | X81: 118 | Y81: 114.3 | Z81: 108.4 | AA81: 115.4 | AB81: 120.6 | AC81: 111.3 | AD81: 113.8 | AE81: 119.1
A82: 81 | B82: Rural+Urban | C82: 2015 | D82: March | E82: 123.5 | F82: 125.4 | G82: 116.8 | H82: 126 | I82: 109.2 | J82: 127.6 | K82: 129.2 | L82: 122.4 | M82: 97 | N82: 122.1 | O82: 118.1 | P82: 128.4 | Q82: 123.4 | R82: 125.8 | S82: 124.3 | T82: 120.4 | U82: 123.7 | V82: 100.4 | W82: 118.3 | X82: 119.2 | Y82: 116.7 | Z82: 109.9 | AA82: 115.4 | AB82: 120.1 | AC82: 111 | AD82: 114.7 | AE82: 120.2
A83: 82 | B83: Rural | C83: 2015 | D83: April | E83: 123.3 | F83: 125.5 | G83: 117.2 | H83: 126.8 | I83: 111.9 | J83: 134.2 | K83: 127.5 | L83: 121.5 | M83: 97.8 | N83: 119.8 | O83: 119.4 | P83: 128.7 | Q83: 123.6 | R83: 125.7 | S83: 126.4 | T83: 123.3 | U83: 126 | V83: =VLOOKUP($A83,'Impute housing Missing Value'!$A$1:$C$125,3,0) -> 119.2 | W83: 121.2 | X83: 120.9 | Y83: 118.6 | Z83: 111.9 | AA83: 116.2 | AB83: 119.9 | AC83: 111.6 | AD83: 116 | AE83: 121.5
A84: 83 | B84: Urban | C84: 2015 | D84: April | E84: 123.8 | F84: 128.2 | G84: 110 | H84: 126.3 | I84: 104.5 | J84: 130.6 | K84: 130.8 | L84: 131.3 | M84: 91.6 | N84: 127.7 | O84: 117.2 | P84: 129.5 | Q84: 124.6 | R84: 130.1 | S84: 122.1 | T84: 117.2 | U84: 121.3 | V84: 100.4 | W84: 114.7 | X84: 118.4 | Y84: 114.6 | Z84: 108.4 | AA84: 115.6 | AB84: 121.7 | AC84: 111.8 | AD84: 114.2 | AE84: 119.7
A85: 84 | B85: Rural+Urban | C85: 2015 | D85: April | E85: 123.5 | F85: 126.4 | G85: 114.4 | H85: 126.6 | I85: 109.2 | J85: 132.5 | K85: 128.6 | L85: 124.8 | M85: 95.7 | N85: 122.4 | O85: 118.5 | P85: 129.1 | Q85: 124 | R85: 126.9 | S85: 124.7 | T85: 120.8 | U85: 124.1 | V85: 100.4 | W85: 118.7 | X85: 119.7 | Y85: 117.1 | Z85: 110.1 | AA85: 115.9 | AB85: 121 | AC85: 111.7 | AD85: 115.1 | AE85: 120.7
A86: 85 | B86: Rural | C86: 2015 | D86: May | E86: 123.5 | F86: 127.1 | G86: 117.3 | H86: 127.7 | I86: 112.5 | J86: 134.1 | K86: 128.5 | L86: 124.3 | M86: 97.6 | N86: 120.7 | O86: 120.2 | P86: 129.8 | Q86: 124.4 | R86: 126.7 | S86: 127.3 | T86: 124.1 | U86: 126.8 | V86: =VLOOKUP($A86,'Impute housing Missing Value'!$A$1:$C$125,3,0) -> 119.6 | W86: 121.9 | X86: 121.5 | Y86: 119.4 | Z86: 113.3 | AA86: 116.7 | AB86: 120.5 | AC86: 112.3 | AD86: 116.9 | AE86: 122.4
A87: 86 | B87: Urban | C87: 2015 | D87: May | E87: 123.8 | F87: 129.7 | G87: 111.3 | H87: 126.6 | I87: 105.2 | J87: 130.8 | K87: 135.6 | L87: 142.6 | M87: 90.8 | N87: 128.8 | O87: 117.7 | P87: 129.9 | Q87: 126.1 | R87: 131.3 | S87: 122.4 | T87: 117.4 | U87: 121.6 | V87: 100.4 | W87: 114.9 | X87: 118.7 | Y87: 114.9 | Z87: 110.8 | AA87: 116 | AB87: 122 | AC87: 112.4 | AD87: 115.2 | AE87: 120.7
A88: 87 | B88: Rural+Urban | C88: 2015 | D88: May | E88: 123.6 | F88: 128 | G88: 115 | H88: 127.3 | I88: 109.8 | J88: 132.6 | K88: 130.9 | L88: 130.5 | M88: 95.3 | N88: 123.4 | O88: 119.2 | P88: 129.8 | Q88: 125 | R88: 127.9 | S88: 125.4 | T88: 121.3 | U88: 124.7 | V88: 100.4 | W88: 119.2 | X88: 120.2 | Y88: 117.7 | Z88: 112 | AA88: 116.3 | AB88: 121.4 | AC88: 112.3 | AD88: 116.1 | AE88: 121.6
A89: 88 | B89: Rural | C89: 2015 | D89: June | E89: 124.1 | F89: 130.4 | G89: 122.1 | H89: 128.7 | I89: 114.1 | J89: 133.2 | K89: 135.2 | L89: 131.9 | M89: 96.3 | N89: 123 | O89: 121.1 | P89: 131.2 | Q89: 126.6 | R89: 128.2 | S89: 128.4 | T89: 125.1 | U89: 128 | V89: =VLOOKUP($A89,'Impute housing Missing Value'!$A$1:$C$125,3,0) -> 119 | W89: 122.6 | X89: 122.8 | Y89: 120.4 | Z89: 114.2 | AA89: 117.9 | AB89: 122 | AC89: 113 | AD89: 117.9 | AE89: 124.1
A90: 89 | B90: Urban | C90: 2015 | D90: June | E90: 123.6 | F90: 134.4 | G90: 120.9 | H90: 127.3 | I90: 106 | J90: 132.3 | K90: 146.7 | L90: 148.1 | M90: 89.8 | N90: 130.5 | O90: 118 | P90: 130.5 | Q90: 128.5 | R90: 132.1 | S90: 123.2 | T90: 117.6 | U90: 122.3 | V90: 100.4 | W90: 115.1 | X90: 119.2 | Y90: 115.4 | Z90: 111.7 | AA90: 116.2 | AB90: 123.8 | AC90: 112.5 | AD90: 116 | AE90: 121.7
A91: 90 | B91: Rural+Urban | C91: 2015 | D91: June | E91: 123.9 | F91: 131.8 | G91: 121.6 | H91: 128.2 | I91: 111.1 | J91: 132.8 | K91: 139.1 | L91: 137.4 | M91: 94.1 | N91: 125.5 | O91: 119.8 | P91: 130.9 | Q91: 127.3 | R91: 129.2 | S91: 126.4 | T91: 122 | U91: 125.7 | V91: 100.4 | W91: 119.8 | X91: 121.1 | Y91: 118.5 | Z91: 112.9 | AA91: 116.9 | AB91: 123.1 | AC91: 112.8 | AD91: 117 | AE91: 123
A92: 91 | B92: Rural | C92: 2015 | D92: July | E92: 124 | F92: 131.5 | G92: 122 | H92: 128.7 | I92: 113.5 | J92: 133.3 | K92: 140.8 | L92: 133.8 | M92: 94.1 | N92: 123.4 | O92: 121 | P92: 131.7 | Q92: 127.5 | R92: 129.4 | S92: 128.8 | T92: 125.5 | U92: 128.3 | V92: =VLOOKUP($A92,'Impute housing Missing Value'!$A$1:$C$125,3,0) -> 119.9 | W92: 123 | X92: 123 | Y92: 120.8 | Z92: 114.1 | AA92: 118 | AB92: 122.9 | AC92: 112.7 | AD92: 118.1 | AE92: 124.7
A93: 92 | B93: Urban | C93: 2015 | D93: July | E93: 123.2 | F93: 134.3 | G93: 119.5 | H93: 127.7 | I93: 106.3 | J93: 132.8 | K93: 153.5 | L93: 149.5 | M93: 85.7 | N93: 131.5 | O93: 118.3 | P93: 131.1 | Q93: 129.5 | R93: 133.1 | S93: 123.5 | T93: 117.9 | U93: 122.7 | V93: 100.4 | W93: 115.3 | X93: 119.5 | Y93: 116 | Z93: 111.5 | AA93: 116.6 | AB93: 125.4 | AC93: 111.7 | AD93: 116.3 | AE93: 122.4
A94: 93 | B94: Rural+Urban | C94: 2015 | D94: July | E94: 123.7 | F94: 132.5 | G94: 121 | H94: 128.3 | I94: 110.9 | J94: 133.1 | K94: 145.1 | L94: 139.1 | M94: 91.3 | N94: 126.1 | O94: 119.9 | P94: 131.4 | Q94: 128.2 | R94: 130.4 | S94: 126.7 | T94: 122.3 | U94: 126.1 | V94: 100.4 | W94: 120.1 | X94: 121.3 | Y94: 119 | Z94: 112.7 | AA94: 117.2 | AB94: 124.4 | AC94: 112.3 | AD94: 117.2 | AE94: 123.6
A95: 94 | B95: Rural | C95: 2015 | D95: August | E95: 124.7 | F95: 131.3 | G95: 121.3 | H95: 128.8 | I95: 114 | J95: 134.2 | K95: 153.6 | L95: 137.9 | M95: 93.1 | N95: 123.9 | O95: 121.5 | P95: 132.5 | Q95: 129.8 | R95: 130.1 | S95: 129.5 | T95: 126.3 | U95: 129 | V95: =VLOOKUP($A95,'Impute housing Missing Value'!$A$1:$C$125,3,0) -> 120.9 | W95: 123.8 | X95: 123.7 | Y95: 121.1 | Z95: 113.6 | AA95: 118.5 | AB95: 123.6 | AC95: 112.5 | AD95: 118.2 | AE95: 126.1
A96: 95 | B96: Urban | C96: 2015 | D96: August | E96: 123.1 | F96: 131.7 | G96: 118.1 | H96: 128 | I96: 106.8 | J96: 130.1 | K96: 165.5 | L96: 156 | M96: 85.3 | N96: 132.7 | O96: 118.8 | P96: 131.7 | Q96: 131.1 | R96: 134.2 | S96: 123.7 | T96: 118.2 | U96: 122.9 | V96: 100.4 | W96: 115.3 | X96: 120 | Y96: 116.6 | Z96: 109.9 | AA96: 117.2 | AB96: 126.2 | AC96: 112 | AD96: 116.2 | AE96: 123.2
A97: 96 | B97: Rural+Urban | C97: 2015 | D97: August | E97: 124.2 | F97: 131.4 | G97: 120.1 | H97: 128.5 | I97: 111.4 | J97: 132.3 | K97: 157.6 | L97: 144 | M97: 90.5 | N97: 126.8 | O97: 120.4 | P97: 132.1 | Q97: 130.3 | R97: 131.2 | S97: 127.2 | T97: 122.9 | U97: 126.6 | V97: 100.4 | W97: 120.6 | X97: 122 | Y97: 119.4 | Z97: 111.7 | AA97: 117.8 | AB97: 125.1 | AC97: 112.3 | AD97: 117.2 | AE97: 124.8
A98: 97 | B98: Rural | C98: 2015 | D98: September | E98: 125.1 | F98: 131.1 | G98: 120.7 | H98: 129.2 | I98: 114.7 | J98: 132.3 | K98: 158.9 | L98: 142.1 | M98: 92.5 | N98: 125.4 | O98: 121.9 | P98: 132.7 | Q98: 131 | R98: 131 | S98: 130.4 | T98: 126.8 | U98: 129.9 | V98: =VLOOKUP($A98,'Impute housing Missing Value'!$A$1:$C$125,3,0) -> 121.6 | W98: 123.7 | X98: 124.5 | Y98: 121.4 | Z98: 113.8 | AA98: 119.6 | AB98: 124.5 | AC98: 113.7 | AD98: 118.8 | AE98: 127
A99: 98 | B99: Urban | C99: 2015 | D99: September | E99: 123.4 | F99: 129 | G99: 115.6 | H99: 128.3 | I99: 107 | J99: 124 | K99: 168.5 | L99: 165.4 | M99: 86.3 | N99: 134.4 | O99: 119.1 | P99: 132.3 | Q99: 131.5 | R99: 134.7 | S99: 124 | T99: 118.6 | U99: 123.2 | V99: 100.4 | W99: 115.1 | X99: 120.4 | Y99: 117.1 | Z99: 109.1 | AA99: 117.3 | AB99: 126.5 | AC99: 112.9 | AD99: 116.2 | AE99: 123.5
A100: 99 | B100: Rural+Urban | C100: 2015 | D100: September | E100: 124.6 | F100: 130.4 | G100: 118.7 | H100: 128.9 | I100: 111.9 | J100: 128.4 | K100: 162.2 | L100: 150 | M100: 90.4 | N100: 128.4 | O100: 120.7 | P100: 132.5 | Q100: 131.2 | R100: 132 | S100: 127.9 | T100: 123.4 | U100: 127.2 | V100: 100.4 | W100: 120.4 | X100: 122.6 | Y100: 119.8 | Z100: 111.3 | AA100: 118.3 | AB100: 125.7 | AC100: 113.4 | AD100: 117.5 | AE100: 125.4
...

Sheet Working Data
A1: S. No. | B1: Sector | C1: Year | D1: Month | E1: Cereals and products | F1: Meat and fish | G1: Egg | H1: Milk and products | I1: Oils and fats | J1: Fruits | K1: Vegetables | L1: Pulses and products | M1: Sugar and Confectionery | N1: Spices | O1: Non-alcoholic beverages | P1: Prepared meals, snacks, sweets etc. | Q1: Food and beverages | R1: Pan, tobacco and intoxicants | S1: Clothing | T1: Footwear | U1: Clothing and footwear | V1: Housing | W1: Fuel and light | X1: Household goods and services | Y1: Health | Z1: Transport and communication | AA1: Recreation and amusement | AB1: Education | AC1: Personal care and effects | AD1: Miscellaneous | AE1: General index | AG1: Food Bucket | AH1: Pan, tobacco and intoxicants | AI1: House | AJ1: Clothing and footwear | AK1: Others
A2: 1 | B2: Rural | C2: 2013 | D2: January | E2: 107.5 | F2: 106.3 | G2: 108.1 | H2: 104.9 | I2: 106.1 | J2: 103.9 | K2: 101.9 | L2: 106.1 | M2: 106.8 | N2: 103.1 | O2: 104.8 | P2: 106.7 | Q2: 105.5 | R2: 105.1 | S2: 106.5 | T2: 105.8 | U2: 106.4 | V2: =VLOOKUP($A2,'Impute housing Missing Value'!$A$1:$C$125,3,0) -> 100.3 | W2: 105.5 | X2: 104.8 | Y2: 104 | Z2: 103.3 | AA2: 103.4 | AB2: 103.8 | AC2: 104.7 | AD2: 104 | AE2: 105.1 | AG2: =AVERAGE(E2:Q2) -> 105.51538 | AH2: 105.1 | AI2: =AVERAGE(V2:X2) -> 103.53333 | AJ2: =AVERAGE(S2:U2) -> 106.23333 | AK2: =AVERAGE(Y2:AD2) -> 103.86667
A3: 2 | B3: Urban | C3: 2013 | D3: January | E3: 110.5 | F3: 109.1 | G3: 113 | H3: 103.6 | I3: 103.4 | J3: 102.3 | K3: 102.9 | L3: 105.8 | M3: 105.1 | N3: 101.8 | O3: 105.1 | P3: 107.9 | Q3: 105.9 | R3: 105.2 | S3: 105.9 | T3: 105 | U3: 105.8 | V3: 100.4 | W3: 105.4 | X3: 104.8 | Y3: 104.1 | Z3: 103.2 | AA3: 102.9 | AB3: 103.5 | AC3: 104.3 | AD3: 103.7 | AE3: 104 | AG3: =AVERAGE(E3:Q3) -> 105.87692 | AH3: 105.2 | AI3: =AVERAGE(V3:X3) -> 103.53333 | AJ3: =AVERAGE(S3:U3) -> 105.56667 | AK3: =AVERAGE(Y3:AD3) -> 103.61667
A4: 3 | B4: Rural+Urban | C4: 2013 | D4: January | E4: 108.4 | F4: 107.3 | G4: 110 | H4: 104.4 | I4: 105.1 | J4: 103.2 | K4: 102.2 | L4: 106 | M4: 106.2 | N4: 102.7 | O4: 104.9 | P4: 107.3 | Q4: 105.6 | R4: 105.1 | S4: 106.3 | T4: 105.5 | U4: 106.2 | V4: 100.4 | W4: 105.5 | X4: 104.8 | Y4: 104 | Z4: 103.2 | AA4: 103.1 | AB4: 103.6 | AC4: 104.5 | AD4: 103.9 | AE4: 104.6 | AG4: =AVERAGE(E4:Q4) -> 105.63846 | AH4: 105.1 | AI4: =AVERAGE(V4:X4) -> 103.56667 | AJ4: =AVERAGE(S4:U4) -> 106 | AK4: =AVERAGE(Y4:AD4) -> 103.71667
A5: 4 | B5: Rural | C5: 2013 | D5: February | E5: 109.2 | F5: 108.7 | G5: 110.2 | H5: 105.4 | I5: 106.7 | J5: 104 | K5: 102.4 | L5: 105.9 | M5: 105.7 | N5: 103.1 | O5: 105.1 | P5: 107.7 | Q5: 106.3 | R5: 105.6 | S5: 107.1 | T5: 106.3 | U5: 107 | V5: =VLOOKUP($A5,'Impute housing Missing Value'!$A$1:$C$125,3,0) -> 100.4 | W5: 106.2 | X5: 105.2 | Y5: 104.4 | Z5: 103.9 | AA5: 104 | AB5: 104.1 | AC5: 104.6 | AD5: 104.4 | AE5: 105.8 | AG5: =AVERAGE(E5:Q5) -> 106.18462 | AH5: 105.6 | AI5: =AVERAGE(V5:X5) -> 103.93333 | AJ5: =AVERAGE(S5:U5) -> 106.8 | AK5: =AVERAGE(Y5:AD5) -> 104.23333
A6: 5 | B6: Urban | C6: 2013 | D6: February | E6: 112.9 | F6: 112.9 | G6: 116.9 | H6: 104 | I6: 103.5 | J6: 103.1 | K6: 104.9 | L6: 104.1 | M6: 103.8 | N6: 102.3 | O6: 106 | P6: 109 | Q6: 107.2 | R6: 106 | S6: 106.6 | T6: 105.5 | U6: 106.4 | V6: 100.4 | W6: 105.7 | X6: 105.2 | Y6: 104.7 | Z6: 104.4 | AA6: 103.3 | AB6: 103.7 | AC6: 104.3 | AD6: 104.3 | AE6: 104.7 | AG6: =AVERAGE(E6:Q6) -> 106.96923 | AH6: 106 | AI6: =AVERAGE(V6:X6) -> 103.76667 | AJ6: =AVERAGE(S6:U6) -> 106.16667 | AK6: =AVERAGE(Y6:AD6) -> 104.11667
A7: 6 | B7: Rural+Urban | C7: 2013 | D7: February | E7: 110.4 | F7: 110.2 | G7: 112.8 | H7: 104.9 | I7: 105.5 | J7: 103.6 | K7: 103.2 | L7: 105.3 | M7: 105.1 | N7: 102.8 | O7: 105.5 | P7: 108.3 | Q7: 106.6 | R7: 105.7 | S7: 106.9 | T7: 106 | U7: 106.8 | V7: 100.4 | W7: 106 | X7: 105.2 | Y7: 104.5 | Z7: 104.2 | AA7: 103.6 | AB7: 103.9 | AC7: 104.5 | AD7: 104.4 | AE7: 105.3 | AG7: =AVERAGE(E7:Q7) -> 106.47692 | AH7: 105.7 | AI7: =AVERAGE(V7:X7) -> 103.86667 | AJ7: =AVERAGE(S7:U7) -> 106.56667 | AK7: =AVERAGE(Y7:AD7) -> 104.18333
A8: 7 | B8: Rural | C8: 2013 | D8: March | E8: 110.2 | F8: 108.8 | G8: 109.9 | H8: 105.6 | I8: 106.2 | J8: 105.7 | K8: 101.4 | L8: 105.7 | M8: 105 | N8: 103.3 | O8: 105.6 | P8: 108.2 | Q8: 106.6 | R8: 106.5 | S8: 107.6 | T8: 106.8 | U8: 107.5 | V8: =VLOOKUP($A8,'Impute housing Missing Value'!$A$1:$C$125,3,0) -> 100.4 | W8: 106.1 | X8: 105.6 | Y8: 104.7 | Z8: 104.6 | AA8: 104 | AB8: 104.3 | AC8: 104.3 | AD8: 104.6 | AE8: 106 | AG8: =AVERAGE(E8:Q8) -> 106.32308 | AH8: 106.5 | AI8: =AVERAGE(V8:X8) -> 104.03333 | AJ8: =AVERAGE(S8:U8) -> 107.3 | AK8: =AVERAGE(Y8:AD8) -> 104.41667
A9: 8 | B9: Urban | C9: 2013 | D9: March | E9: 113.9 | F9: 111.4 | G9: 113.2 | H9: 104.3 | I9: 102.7 | J9: 104.9 | K9: 103.8 | L9: 103.5 | M9: 102.6 | N9: 102.4 | O9: 107 | P9: 109.8 | Q9: 107.3 | R9: 106.8 | S9: 107.2 | T9: 106 | U9: 107 | V9: 100.4 | W9: 106 | X9: 105.7 | Y9: 105.2 | Z9: 105.5 | AA9: 103.5 | AB9: 103.8 | AC9: 104.2 | AD9: 104.9 | AE9: 105 | AG9: =AVERAGE(E9:Q9) -> 106.67692 | AH9: 106.8 | AI9: =AVERAGE(V9:X9) -> 104.03333 | AJ9: =AVERAGE(S9:U9) -> 106.73333 | AK9: =AVERAGE(Y9:AD9) -> 104.51667
A10: 9 | B10: Rural+Urban | C10: 2013 | D10: March | E10: 111.4 | F10: 109.7 | G10: 111.2 | H10: 105.1 | I10: 104.9 | J10: 105.3 | K10: 102.2 | L10: 105 | M10: 104.2 | N10: 103 | O10: 106.2 | P10: 108.9 | Q10: 106.9 | R10: 106.6 | S10: 107.4 | T10: 106.5 | U10: 107.3 | V10: 100.4 | W10: 106.1 | X10: 105.6 | Y10: 104.9 | Z10: 105.1 | AA10: 103.7 | AB10: 104 | AC10: 104.3 | AD10: 104.7 | AE10: 105.5 | AG10: =AVERAGE(E10:Q10) -> 106.46154 | AH10: 106.6 | AI10: =AVERAGE(V10:X10) -> 104.03333 | AJ10: =AVERAGE(S10:U10) -> 107.06667 | AK10: =AVERAGE(Y10:AD10) -> 104.45
A11: 10 | B11: Rural | C11: 2013 | D11: April | E11: 110.2 | F11: 109.5 | G11: 106.9 | H11: 106.3 | I11: 105.7 | J11: 108.3 | K11: 103.4 | L11: 105.7 | M11: 104.2 | N11: 103.2 | O11: 106.5 | P11: 108.8 | Q11: 107.1 | R11: 107.1 | S11: 108.1 | T11: 107.4 | U11: 108 | V11: =VLOOKUP($A11,'Impute housing Missing Value'!$A$1:$C$125,3,0) -> 100.5 | W11: 106.5 | X11: 106.1 | Y11: 105.1 | Z11: 104.4 | AA11: 104.5 | AB11: 104.8 | AC11: 102.7 | AD11: 104.6 | AE11: 106.4 | AG11: =AVERAGE(E11:Q11) -> 106.6 | AH11: 107.1 | AI11: =AVERAGE(V11:X11) -> 104.36667 | AJ11: =AVERAGE(S11:U11) -> 107.83333 | AK11: =AVERAGE(Y11:AD11) -> 104.35
A12: 11 | B12: Urban | C12: 2013 | D12: April | E12: 114.6 | F12: 113.4 | G12: 106 | H12: 104.7 | I12: 102.1 | J12: 109.5 | K12: 109.7 | L12: 104.6 | M12: 102 | N12: 103.5 | O12: 108.2 | P12: 110.6 | Q12: 108.8 | R12: 108.5 | S12: 107.9 | T12: 106.4 | U12: 107.7 | V12: 100.4 | W12: 106.4 | X12: 106.5 | Y12: 105.7 | Z12: 105 | AA12: 104 | AB12: 105.2 | AC12: 103.2 | AD12: 105.1 | AE12: 105.7 | AG12: =AVERAGE(E12:Q12) -> 107.51538 | AH12: 108.5 | AI12: =AVERAGE(V12:X12) -> 104.43333 | AJ12: =AVERAGE(S12:U12) -> 107.33333 | AK12: =AVERAGE(Y12:AD12) -> 104.7
A13: 12 | B13: Rural+Urban | C13: 2013 | D13: April | E13: 111.6 | F13: 110.9 | G13: 106.6 | H13: 105.7 | I13: 104.4 | J13: 108.9 | K13: 105.5 | L13: 105.3 | M13: 103.5 | N13: 103.3 | O13: 107.2 | P13: 109.6 | Q13: 107.7 | R13: 107.5 | S13: 108 | T13: 107 | U13: 107.9 | V13: 100.4 | W13: 106.5 | X13: 106.3 | Y13: 105.3 | Z13: 104.7 | AA13: 104.2 | AB13: 105 | AC13: 102.9 | AD13: 104.8 | AE13: 106.1 | AG13: =AVERAGE(E13:Q13) -> 106.93846 | AH13: 107.5 | AI13: =AVERAGE(V13:X13) -> 104.4 | AJ13: =AVERAGE(S13:U13) -> 107.63333 | AK13: =AVERAGE(Y13:AD13) -> 104.48333
A14: 13 | B14: Rural | C14: 2013 | D14: May | E14: 110.9 | F14: 109.8 | G14: 105.9 | H14: 107.5 | I14: 105.3 | J14: 108.1 | K14: 107.3 | L14: 106.1 | M14: 103.7 | N14: 104 | O14: 107.4 | P14: 109.9 | Q14: 108.1 | R14: 108.1 | S14: 108.8 | T14: 107.9 | U14: 108.6 | V14: =VLOOKUP($A14,'Impute housing Missing Value'!$A$1:$C$125,3,0) -> 100.5 | W14: 107.5 | X14: 106.8 | Y14: 105.7 | Z14: 104.1 | AA14: 105 | AB14: 105.5 | AC14: 102.1 | AD14: 104.8 | AE14: 107.2 | AG14: =AVERAGE(E14:Q14) -> 107.23077 | AH14: 108.1 | AI14: =AVERAGE(V14:X14) -> 104.93333 | AJ14: =AVERAGE(S14:U14) -> 108.43333 | AK14: =AVERAGE(Y14:AD14) -> 104.53333
A15: 14 | B15: Urban | C15: 2013 | D15: May | E15: 115.4 | F15: 114.2 | G15: 102.7 | H15: 105.5 | I15: 101.5 | J15: 110.6 | K15: 123.7 | L15: 105.2 | M15: 101.9 | N15: 105 | O15: 109.1 | P15: 111.3 | Q15: 111.1 | R15: 109.8 | S15: 108.5 | T15: 106.7 | U15: 108.3 | V15: 100.4 | W15: 107.2 | X15: 107.1 | Y15: 106.2 | Z15: 103.9 | AA15: 104.6 | AB15: 105.7 | AC15: 102.6 | AD15: 104.9 | AE15: 106.6 | AG15: =AVERAGE(E15:Q15) -> 109.01538 | AH15: 109.8 | AI15: =AVERAGE(V15:X15) -> 104.9 | AJ15: =AVERAGE(S15:U15) -> 107.83333 | AK15: =AVERAGE(Y15:AD15) -> 104.65
A16: 15 | B16: Rural+Urban | C16: 2013 | D16: May | E16: 112.3 | F16: 111.3 | G16: 104.7 | H16: 106.8 | I16: 103.9 | J16: 109.3 | K16: 112.9 | L16: 105.8 | M16: 103.1 | N16: 104.3 | O16: 108.1 | P16: 110.5 | Q16: 109.2 | R16: 108.6 | S16: 108.7 | T16: 107.4 | U16: 108.5 | V16: 100.4 | W16: 107.4 | X16: 106.9 | Y16: 105.9 | Z16: 104 | AA16: 104.8 | AB16: 105.6 | AC16: 102.3 | AD16: 104.8 | AE16: 106.9 | AG16: =AVERAGE(E16:Q16) -> 107.86154 | AH16: 108.6 | AI16: =AVERAGE(V16:X16) -> 104.9 | AJ16: =AVERAGE(S16:U16) -> 108.2 | AK16: =AVERAGE(Y16:AD16) -> 104.56667
A17: 16 | B17: Rural | C17: 2013 | D17: June | E17: 112.3 | F17: 112.1 | G17: 108.1 | H17: 108.3 | I17: 105.9 | J17: 109.2 | K17: 118 | L17: 106.8 | M17: 104.1 | N17: 105.4 | O17: 108.2 | P17: 111 | Q17: 110.6 | R17: 109 | S17: 109.7 | T17: 108.8 | U17: 109.5 | V17: =VLOOKUP($A17,'Impute housing Missing Value'!$A$1:$C$125,3,0) -> 106.6 | W17: 108.5 | X17: 107.5 | Y17: 106.3 | Z17: 105 | AA17: 105.6 | AB17: 106.5 | AC17: 102.5 | AD17: 105.5 | AE17: 108.9 | AG17: =AVERAGE(E17:Q17) -> 109.23077 | AH17: 109 | AI17: =AVERAGE(V17:X17) -> 107.53333 | AJ17: =AVERAGE(S17:U17) -> 109.33333 | AK17: =AVERAGE(Y17:AD17) -> 105.23333
A18: 17 | B18: Urban | C18: 2013 | D18: June | E18: 117 | F18: 120.1 | G18: 112.5 | H18: 107.3 | I18: 101.3 | J18: 112.4 | K18: 143.6 | L18: 105.4 | M18: 101.4 | N18: 106.4 | O18: 110 | P18: 112.2 | Q18: 115 | R18: 110.9 | S18: 109.2 | T18: 107.2 | U18: 108.9 | V18: 100.4 | W18: 108 | X18: 107.7 | Y18: 106.5 | Z18: 105.2 | AA18: 105.2 | AB18: 108.1 | AC18: 103.3 | AD18: 106.1 | AE18: 109.7 | AG18: =AVERAGE(E18:Q18) -> 112.66154 | AH18: 110.9 | AI18: =AVERAGE(V18:X18) -> 105.36667 | AJ18: =AVERAGE(S18:U18) -> 108.43333 | AK18: =AVERAGE(Y18:AD18) -> 105.73333
A19: 18 | B19: Rural+Urban | C19: 2013 | D19: June | E19: 113.8 | F19: 114.9 | G19: 109.8 | H19: 107.9 | I19: 104.2 | J19: 110.7 | K19: 126.7 | L19: 106.3 | M19: 103.2 | N19: 105.7 | O19: 109 | P19: 111.6 | Q19: 112.2 | R19: 109.5 | S19: 109.5 | T19: 108.1 | U19: 109.3 | V19: 100.4 | W19: 108.3 | X19: 107.6 | Y19: 106.4 | Z19: 105.1 | AA19: 105.4 | AB19: 107.4 | AC19: 102.8 | AD19: 105.8 | AE19: 109.3 | AG19: =AVERAGE(E19:Q19) -> 110.46154 | AH19: 109.5 | AI19: =AVERAGE(V19:X19) -> 105.43333 | AJ19: =AVERAGE(S19:U19) -> 108.96667 | AK19: =AVERAGE(Y19:AD19) -> 105.48333
A20: 19 | B20: Rural | C20: 2013 | D20: July | E20: 113.4 | F20: 114.9 | G20: 110.5 | H20: 109.3 | I20: 106.2 | J20: 110.3 | K20: 129.2 | L20: 107.1 | M20: 104.3 | N20: 106.4 | O20: 109.1 | P20: 112.1 | Q20: 113.1 | R20: 109.8 | S20: 110.5 | T20: 109.5 | U20: 110.3 | V20: =VLOOKUP($A20,'Impute housing Missing Value'!$A$1:$C$125,3,0) -> 107.7 | W20: 109.5 | X20: 108.3 | Y20: 106.9 | Z20: 106.8 | AA20: 106.4 | AB20: 107.8 | AC20: 102.5 | AD20: 106.5 | AE20: 110.7 | AG20: =AVERAGE(E20:Q20) -> 111.22308 | AH20: 109.8 | AI20: =AVERAGE(V20:X20) -> 108.5 | AJ20: =AVERAGE(S20:U20) -> 110.1 | AK20: =AVERAGE(Y20:AD20) -> 106.15
A21: 20 | B21: Urban | C21: 2013 | D21: July | E21: 117.8 | F21: 119.2 | G21: 114 | H21: 108.3 | I21: 101.1 | J21: 113.2 | K21: 160.9 | L21: 105.1 | M21: 101.3 | N21: 107.5 | O21: 110.4 | P21: 113.1 | Q21: 117.5 | R21: 111.7 | S21: 109.8 | T21: 107.8 | U21: 109.5 | V21: 100.4 | W21: 108.6 | X21: 108.1 | Y21: 107.1 | Z21: 107.3 | AA21: 105.9 | AB21: 110.1 | AC21: 103.2 | AD21: 107.3 | AE21: 111.4 | AG21: =AVERAGE(E21:Q21) -> 114.56923 | AH21: 111.7 | AI21: =AVERAGE(V21:X21) -> 105.7 | AJ21: =AVERAGE(S21:U21) -> 109.03333 | AK21: =AVERAGE(Y21:AD21) -> 106.81667
A22: 21 | B22: Rural+Urban | C22: 2013 | D22: July | E22: 114.8 | F22: 116.4 | G22: 111.9 | H22: 108.9 | I22: 104.3 | J22: 111.7 | K22: 140 | L22: 106.4 | M22: 103.3 | N22: 106.8 | O22: 109.6 | P22: 112.6 | Q22: 114.7 | R22: 110.3 | S22: 110.2 | T22: 108.8 | U22: 110 | V22: 100.4 | W22: 109.2 | X22: 108.2 | Y22: 107 | Z22: 107.1 | AA22: 106.1 | AB22: 109.1 | AC22: 102.8 | AD22: 106.9 | AE22: 111 | AG22: =AVERAGE(E22:Q22) -> 112.41538 | AH22: 110.3 | AI22: =AVERAGE(V22:X22) -> 105.93333 | AJ22: =AVERAGE(S22:U22) -> 109.66667 | AK22: =AVERAGE(Y22:AD22) -> 106.5
A23: 22 | B23: Rural | C23: 2013 | D23: August | E23: 114.3 | F23: 115.4 | G23: 111.1 | H23: 110 | I23: 106.4 | J23: 110.8 | K23: 138.9 | L23: 107.4 | M23: 104.1 | N23: 106.9 | O23: 109.7 | P23: 112.6 | Q23: 114.9 | R23: 110.7 | S23: 111.3 | T23: 110.2 | U23: 111.1 | V23: =VLOOKUP($A23,'Impute housing Missing Value'!$A$1:$C$125,3,0) -> 108.9 | W23: 109.9 | X23: 108.7 | Y23: 107.5 | Z23: 107.8 | AA23: 106.8 | AB23: 108.7 | AC23: 105 | AD23: 107.5 | AE23: 112.1 | AG23: =AVERAGE(E23:Q23) -> 112.5 | AH23: 110.7 | AI23: =AVERAGE(V23:X23) -> 109.16667 | AJ23: =AVERAGE(S23:U23) -> 110.86667 | AK23: =AVERAGE(Y23:AD23) -> 107.21667
A24: 23 | B24: Urban | C24: 2013 | D24: August | E24: 118.3 | F24: 120.4 | G24: 112.7 | H24: 108.9 | I24: 101.1 | J24: 108.7 | K24: 177 | L24: 104.7 | M24: 101 | N24: 108.5 | O24: 110.9 | P24: 114.3 | Q24: 119.6 | R24: 112.4 | S24: 110.6 | T24: 108.3 | U24: 110.2 | V24: 100.4 | W24: 109.3 | X24: 108.7 | Y24: 107.6 | Z24: 108.1 | AA24: 106.5 | AB24: 110.8 | AC24: 106 | AD24: 108.3 | AE24: 112.7 | AG24: =AVERAGE(E24:Q24) -> 115.85385 | AH24: 112.4 | AI24: =AVERAGE(V24:X24) -> 106.13333 | AJ24: =AVERAGE(S24:U24) -> 109.7 | AK24: =AVERAGE(Y24:AD24) -> 107.88333
A25: 24 | B25: Rural+Urban | C25: 2013 | D25: August | E25: 115.6 | F25: 117.2 | G25: 111.7 | H25: 109.6 | I25: 104.5 | J25: 109.8 | K25: 151.8 | L25: 106.5 | M25: 103.1 | N25: 107.4 | O25: 110.2 | P25: 113.4 | Q25: 116.6 | R25: 111.2 | S25: 111 | T25: 109.4 | U25: 110.7 | V25: 100.4 | W25: 109.7 | X25: 108.7 | Y25: 107.5 | Z25: 108 | AA25: 106.6 | AB25: 109.9 | AC25: 105.4 | AD25: 107.9 | AE25: 112.4 | AG25: =AVERAGE(E25:Q25) -> 113.64615 | AH25: 111.2 | AI25: =AVERAGE(V25:X25) -> 106.26667 | AJ25: =AVERAGE(S25:U25) -> 110.36667 | AK25: =AVERAGE(Y25:AD25) -> 107.55
A26: 25 | B26: Rural | C26: 2013 | D26: September | E26: 115.4 | F26: 115.7 | G26: 111.7 | H26: 111 | I26: 107.4 | J26: 110.9 | K26: 154 | L26: 108.1 | M26: 104.2 | N26: 107.9 | O26: 110.4 | P26: 114 | Q26: 117.8 | R26: 111.7 | S26: 112.7 | T26: 111.4 | U26: 112.5 | V26: =VLOOKUP($A26,'Impute housing Missing Value'!$A$1:$C$125,3,0) -> 109.7 | W26: 111.1 | X26: 109.6 | Y26: 108.3 | Z26: 109.3 | AA26: 107.7 | AB26: 109.8 | AC26: 106.7 | AD26: 108.7 | AE26: 114.2 | AG26: =AVERAGE(E26:Q26) -> 114.5 | AH26: 111.7 | AI26: =AVERAGE(V26:X26) -> 110.13333 | AJ26: =AVERAGE(S26:U26) -> 112.2 | AK26: =AVERAGE(Y26:AD26) -> 108.41667
A27: 26 | B27: Urban | C27: 2013 | D27: September | E27: 118.6 | F27: 119.1 | G27: 113.2 | H27: 109.6 | I27: 101.7 | J27: 103.2 | K27: 174.3 | L27: 105.1 | M27: 100.8 | N27: 109.1 | O27: 111.1 | P27: 115.4 | Q27: 119.2 | R27: 112.9 | S27: 111.4 | T27: 109 | U27: 111.1 | V27: 100.4 | W27: 109.5 | X27: 109.6 | Y27: 107.9 | Z27: 110.4 | AA27: 107.4 | AB27: 111.2 | AC27: 106.9 | AD27: 109.4 | AE27: 113.2 | AG27: =AVERAGE(E27:Q27) -> 115.41538 | AH27: 112.9 | AI27: =AVERAGE(V27:X27) -> 106.5 | AJ27: =AVERAGE(S27:U27) -> 110.5 | AK27: =AVERAGE(Y27:AD27) -> 108.86667
A28: 27 | B28: Rural+Urban | C28: 2013 | D28: September | E28: 116.4 | F28: 116.9 | G28: 112.3 | H28: 110.5 | I28: 105.3 | J28: 107.3 | K28: 160.9 | L28: 107.1 | M28: 103.1 | N28: 108.3 | O28: 110.7 | P28: 114.6 | Q28: 118.3 | R28: 112 | S28: 112.2 | T28: 110.4 | U28: 111.9 | V28: 100.4 | W28: 110.5 | X28: 109.6 | Y28: 108.1 | Z28: 109.9 | AA28: 107.5 | AB28: 110.6 | AC28: 106.8 | AD28: 109 | AE28: 113.7 | AG28: =AVERAGE(E28:Q28) -> 114.74615 | AH28: 112 | AI28: =AVERAGE(V28:X28) -> 106.83333 | AJ28: =AVERAGE(S28:U28) -> 111.5 | AK28: =AVERAGE(Y28:AD28) -> 108.65
A29: 28 | B29: Rural | C29: 2013 | D29: October | E29: 116.3 | F29: 115.4 | G29: 112.6 | H29: 111.7 | I29: 107.7 | J29: 113.2 | K29: 164.9 | L29: 108.3 | M29: 103.9 | N29: 108.2 | O29: 111.1 | P29: 114.9 | Q29: 119.8 | R29: 112.2 | S29: 113.6 | T29: 112.3 | U29: 113.4 | V29: =VLOOKUP($A29,'Impute housing Missing Value'!$A$1:$C$125,3,0) -> 110.5 | W29: 111.6 | X29: 110.4 | Y29: 108.9 | Z29: 109.3 | AA29: 108.3 | AB29: 110.2 | AC29: 107.5 | AD29: 109.1 | AE29: 115.5 | AG29: =AVERAGE(E29:Q29) -> 116 | AH29: 112.2 | AI29: =AVERAGE(V29:X29) -> 110.83333 | AJ29: =AVERAGE(S29:U29) -> 113.1 | AK29: =AVERAGE(Y29:AD29) -> 108.88333
A30: 29 | B30: Urban | C30: 2013 | D30: October | E30: 118.9 | F30: 118.1 | G30: 114.5 | H30: 110.4 | I30: 102.3 | J30: 106.2 | K30: 183.5 | L30: 105.3 | M30: 100.2 | N30: 109.6 | O30: 111.4 | P30: 116 | Q30: 120.8 | R30: 113.5 | S30: 112.5 | T30: 109.7 | U30: 112 | V30: 100.4 | W30: 109.7 | X30: 110.2 | Y30: 108.2 | Z30: 109.7 | AA30: 108 | AB30: 111.3 | AC30: 107.3 | AD30: 109.4 | AE30: 114 | AG30: =AVERAGE(E30:Q30) -> 116.70769 | AH30: 113.5 | AI30: =AVERAGE(V30:X30) -> 106.76667 | AJ30: =AVERAGE(S30:U30) -> 111.4 | AK30: =AVERAGE(Y30:AD30) -> 108.98333
A31: 30 | B31: Rural+Urban | C31: 2013 | D31: October | E31: 117.1 | F31: 116.3 | G31: 113.3 | H31: 111.2 | I31: 105.7 | J31: 109.9 | K31: 171.2 | L31: 107.3 | M31: 102.7 | N31: 108.7 | O31: 111.2 | P31: 115.4 | Q31: 120.2 | R31: 112.5 | S31: 113.2 | T31: 111.2 | U31: 112.8 | V31: 100.4 | W31: 110.9 | X31: 110.3 | Y31: 108.6 | Z31: 109.5 | AA31: 108.1 | AB31: 110.8 | AC31: 107.4 | AD31: 109.2 | AE31: 114.8 | AG31: =AVERAGE(E31:Q31) -> 116.16923 | AH31: 112.5 | AI31: =AVERAGE(V31:X31) -> 107.2 | AJ31: =AVERAGE(S31:U31) -> 112.4 | AK31: =AVERAGE(Y31:AD31) -> 108.93333
A32: 31 | B32: Rural | C32: 2013 | D32: November | E32: 117.3 | F32: 114.9 | G32: 116.2 | H32: 112.8 | I32: 108.9 | J32: 116.6 | K32: 178.1 | L32: 109.1 | M32: 103.6 | N32: 109 | O32: 111.8 | P32: 116 | Q32: 122.5 | R32: 112.8 | S32: 114.6 | T32: 113.1 | U32: 114.4 | V32: =VLOOKUP($A32,'Impute housing Missing Value'!$A$1:$C$125,3,0) -> 111.1 | W32: 112.6 | X32: 111.3 | Y32: 109.7 | Z32: 109.6 | AA32: 108.7 | AB32: 111 | AC32: 108.2 | AD32: 109.8 | AE32: 117.4 | AG32: =AVERAGE(E32:Q32) -> 118.21538 | AH32: 112.8 | AI32: =AVERAGE(V32:X32) -> 111.66667 | AJ32: =AVERAGE(S32:U32) -> 114.03333 | AK32: =AVERAGE(Y32:AD32) -> 109.5
A33: 32 | B33: Urban | C33: 2013 | D33: November | E33: 119.8 | F33: 116.3 | G33: 122.6 | H33: 112 | I33: 103.2 | J33: 110 | K33: 192.8 | L33: 106.3 | M33: 99.5 | N33: 110.3 | O33: 111.8 | P33: 117.1 | Q33: 122.9 | R33: 114.1 | S33: 113.5 | T33: 110.3 | U33: 113 | V33: 100.4 | W33: 110 | X33: 110.9 | Y33: 108.6 | Z33: 109.5 | AA33: 108.5 | AB33: 111.3 | AC33: 107.9 | AD33: 109.6 | AE33: 115 | AG33: =AVERAGE(E33:Q33) -> 118.81538 | AH33: 114.1 | AI33: =AVERAGE(V33:X33) -> 107.1 | AJ33: =AVERAGE(S33:U33) -> 112.26667 | AK33: =AVERAGE(Y33:AD33) -> 109.23333
A34: 33 | B34: Rural+Urban | C34: 2013 | D34: November | E34: 118.1 | F34: 115.4 | G34: 118.7 | H34: 112.5 | I34: 106.8 | J34: 113.5 | K34: 183.1 | L34: 108.2 | M34: 102.2 | N34: 109.4 | O34: 111.8 | P34: 116.5 | Q34: 122.6 | R34: 113.1 | S34: 114.2 | T34: 111.9 | U34: 113.8 | V34: 100.4 | W34: 111.6 | X34: 111.1 | Y34: 109.3 | Z34: 109.5 | AA34: 108.6 | AB34: 111.2 | AC34: 108.1 | AD34: 109.7 | AE34: 116.3 | AG34: =AVERAGE(E34:Q34) -> 118.36923 | AH34: 113.1 | AI34: =AVERAGE(V34:X34) -> 107.7 | AJ34: =AVERAGE(S34:U34) -> 113.3 | AK34: =AVERAGE(Y34:AD34) -> 109.4
A35: 34 | B35: Rural | C35: 2013 | D35: December | E35: 118.4 | F35: 115.9 | G35: 120.4 | H35: 113.8 | I35: 109.5 | J35: 115.5 | K35: 145.7 | L35: 109.5 | M35: 102.9 | N35: 109.8 | O35: 112.1 | P35: 116.8 | Q35: 118.7 | R35: 113.6 | S35: 115.8 | T35: 114 | U35: 115.5 | V35: =VLOOKUP($A35,'Impute housing Missing Value'!$A$1:$C$125,3,0) -> 110.7 | W35: 112.8 | X35: 112.1 | Y35: 110.1 | Z35: 109.9 | AA35: 109.2 | AB35: 111.6 | AC35: 108.1 | AD35: 110.1 | AE35: 115.5 | AG35: =AVERAGE(E35:Q35) -> 116.07692 | AH35: 113.6 | AI35: =AVERAGE(V35:X35) -> 111.86667 | AJ35: =AVERAGE(S35:U35) -> 115.1 | AK35: =AVERAGE(Y35:AD35) -> 109.83333
A36: 35 | B36: Urban | C36: 2013 | D36: December | E36: 120.5 | F36: 118.1 | G36: 128.5 | H36: 112.8 | I36: 103.4 | J36: 110.7 | K36: 144.8 | L36: 107.1 | M36: 98.6 | N36: 111.9 | O36: 112.1 | P36: 118.1 | Q36: 117.8 | R36: 115 | S36: 114.2 | T36: 110.9 | U36: 113.7 | V36: 100.4 | W36: 110.4 | X36: 111.3 | Y36: 109 | Z36: 109.7 | AA36: 108.9 | AB36: 111.4 | AC36: 107.7 | AD36: 109.8 | AE36: 113.3 | AG36: =AVERAGE(E36:Q36) -> 115.72308 | AH36: 115 | AI36: =AVERAGE(V36:X36) -> 107.36667 | AJ36: =AVERAGE(S36:U36) -> 112.93333 | AK36: =AVERAGE(Y36:AD36) -> 109.41667
A37: 36 | B37: Rural+Urban | C37: 2013 | D37: December | E37: 119.1 | F37: 116.7 | G37: 123.5 | H37: 113.4 | I37: 107.3 | J37: 113.3 | K37: 145.4 | L37: 108.7 | M37: 101.5 | N37: 110.5 | O37: 112.1 | P37: 117.4 | Q37: 118.4 | R37: 114 | S37: 115.2 | T37: 112.7 | U37: 114.8 | V37: 100.4 | W37: 111.9 | X37: 111.7 | Y37: 109.7 | Z37: 109.8 | AA37: 109 | AB37: 111.5 | AC37: 107.9 | AD37: 110 | AE37: 114.5 | AG37: =AVERAGE(E37:Q37) -> 115.94615 | AH37: 114 | AI37: =AVERAGE(V37:X37) -> 108 | AJ37: =AVERAGE(S37:U37) -> 114.23333 | AK37: =AVERAGE(Y37:AD37) -> 109.65
A38: 37 | B38: Rural | C38: 2014 | D38: January | E38: 118.9 | F38: 117.1 | G38: 120.5 | H38: 114.4 | I38: 109 | J38: 115.5 | K38: 123.9 | L38: 109.6 | M38: 101.8 | N38: 110.2 | O38: 112.4 | P38: 117.3 | Q38: 116 | R38: 114 | S38: 116.5 | T38: 114.5 | U38: 116.2 | V38: =VLOOKUP($A38,'Impute housing Missing Value'!$A$1:$C$125,3,0) -> 111.6 | W38: 113 | X38: 112.6 | Y38: 110.6 | Z38: 110.5 | AA38: 109.6 | AB38: 111.8 | AC38: 108.3 | AD38: 110.6 | AE38: 114.2 | AG38: =AVERAGE(E38:Q38) -> 114.35385 | AH38: 114 | AI38: =AVERAGE(V38:X38) -> 112.4 | AJ38: =AVERAGE(S38:U38) -> 115.73333 | AK38: =AVERAGE(Y38:AD38) -> 110.23333
A39: 38 | B39: Urban | C39: 2014 | D39: January | E39: 121.2 | F39: 122 | G39: 129.9 | H39: 113.6 | I39: 102.9 | J39: 112.1 | K39: 118.9 | L39: 107.5 | M39: 96.9 | N39: 112.7 | O39: 112.1 | P39: 119 | Q39: 115.5 | R39: 115.7 | S39: 114.8 | T39: 111.3 | U39: 114.3 | V39: 100.4 | W39: 111 | X39: 111.9 | Y39: 109.7 | Z39: 110.8 | AA39: 109.8 | AB39: 111.5 | AC39: 108 | AD39: 110.5 | AE39: 112.9 | AG39: =AVERAGE(E39:Q39) -> 114.17692 | AH39: 115.7 | AI39: =AVERAGE(V39:X39) -> 107.76667 | AJ39: =AVERAGE(S39:U39) -> 113.46667 | AK39: =AVERAGE(Y39:AD39) -> 110.05
A40: 39 | B40: Rural+Urban | C40: 2014 | D40: January | E40: 119.6 | F40: 118.8 | G40: 124.1 | H40: 114.1 | I40: 106.8 | J40: 113.9 | K40: 122.2 | L40: 108.9 | M40: 100.2 | N40: 111 | O40: 112.3 | P40: 118.1 | Q40: 115.8 | R40: 114.5 | S40: 115.8 | T40: 113.2 | U40: 115.4 | V40: 100.4 | W40: 112.2 | X40: 112.3 | Y40: 110.3 | Z40: 110.7 | AA40: 109.7 | AB40: 111.6 | AC40: 108.2 | AD40: 110.6 | AE40: 113.6 | AG40: =AVERAGE(E40:Q40) -> 114.29231 | AH40: 114.5 | AI40: =AVERAGE(V40:X40) -> 108.3 | AJ40: =AVERAGE(S40:U40) -> 114.8 | AK40: =AVERAGE(Y40:AD40) -> 110.18333
A41: 40 | B41: Rural | C41: 2014 | D41: February | E41: 119.4 | F41: 117.7 | G41: 121.2 | H41: 115 | I41: 109 | J41: 116.6 | K41: 116 | L41: 109.8 | M41: 101.1 | N41: 110.4 | O41: 112.9 | P41: 117.8 | Q41: 115.3 | R41: 114.2 | S41: 117.1 | T41: 114.5 | U41: 116.7 | V41: =VLOOKUP($A41,'Impute housing Missing Value'!$A$1:$C$125,3,0) -> 112.5 | W41: 113.2 | X41: 112.9 | Y41: 110.9 | Z41: 110.8 | AA41: 109.9 | AB41: 112 | AC41: 108.7 | AD41: 110.9 | AE41: 114 | AG41: =AVERAGE(E41:Q41) -> 114.01538 | AH41: 114.2 | AI41: =AVERAGE(V41:X41) -> 112.86667 | AJ41: =AVERAGE(S41:U41) -> 116.1 | AK41: =AVERAGE(Y41:AD41) -> 110.53333
A42: 41 | B42: Urban | C42: 2014 | D42: February | E42: 121.9 | F42: 122 | G42: 124.5 | H42: 115.2 | I42: 102.5 | J42: 114.1 | K42: 111.5 | L42: 108.2 | M42: 95.4 | N42: 113.5 | O42: 112.1 | P42: 119.9 | Q42: 115.2 | R42: 116.2 | S42: 115.3 | T42: 111.7 | U42: 114.7 | V42: 100.4 | W42: 111.1 | X42: 112.6 | Y42: 110.4 | Z42: 111.3 | AA42: 110.3 | AB42: 111.6 | AC42: 108.7 | AD42: 111 | AE42: 113.1 | AG42: =AVERAGE(E42:Q42) -> 113.53846 | AH42: 116.2 | AI42: =AVERAGE(V42:X42) -> 108.03333 | AJ42: =AVERAGE(S42:U42) -> 113.9 | AK42: =AVERAGE(Y42:AD42) -> 110.55
A43: 42 | B43: Rural+Urban | C43: 2014 | D43: February | E43: 120.2 | F43: 119.2 | G43: 122.5 | H43: 115.1 | I43: 106.6 | J43: 115.4 | K43: 114.5 | L43: 109.3 | M43: 99.2 | N43: 111.4 | O43: 112.6 | P43: 118.8 | Q43: 115.3 | R43: 114.7 | S43: 116.4 | T43: 113.3 | U43: 115.9 | V43: 100.4 | W43: 112.4 | X43: 112.8 | Y43: 110.7 | Z43: 111.1 | AA43: 110.1 | AB43: 111.8 | AC43: 108.7 | AD43: 110.9 | AE43: 113.6 | AG43: =AVERAGE(E43:Q43) -> 113.85385 | AH43: 114.7 | AI43: =AVERAGE(V43:X43) -> 108.53333 | AJ43: =AVERAGE(S43:U43) -> 115.2 | AK43: =AVERAGE(Y43:AD43) -> 110.55
A44: 43 | B44: Rural | C44: 2014 | D44: March | E44: 120.1 | F44: 118.1 | G44: 120.7 | H44: 116.1 | I44: 109.3 | J44: 119.6 | K44: 117.9 | L44: 110.2 | M44: 101.2 | N44: 110.7 | O44: 113 | P44: 118.3 | Q44: 116.2 | R44: 114.6 | S44: 117.5 | T44: 114.9 | U44: 117.2 | V44: =VLOOKUP($A44,'Impute housing Missing Value'!$A$1:$C$125,3,0) -> 113.2 | W44: 113.4 | X44: 113.4 | Y44: 111.4 | Z44: 111.2 | AA44: 110.2 | AB44: 112.4 | AC44: 108.9 | AD44: 111.3 | AE44: 114.6 | AG44: =AVERAGE(E44:Q44) -> 114.72308 | AH44: 114.6 | AI44: =AVERAGE(V44:X44) -> 113.33333 | AJ44: =AVERAGE(S44:U44) -> 116.53333 | AK44: =AVERAGE(Y44:AD44) -> 110.9
A45: 44 | B45: Urban | C45: 2014 | D45: March | E45: 122.1 | F45: 121.4 | G45: 121.5 | H45: 116.2 | I45: 102.8 | J45: 117.7 | K45: 113.3 | L45: 108.9 | M45: 96.3 | N45: 114.1 | O45: 112.2 | P45: 120.5 | Q45: 116 | R45: 116.7 | S45: 115.8 | T45: 112.1 | U45: 115.2 | V45: 100.4 | W45: 110.9 | X45: 113 | Y45: 110.8 | Z45: 111.6 | AA45: 110.9 | AB45: 111.8 | AC45: 109.2 | AD45: 111.4 | AE45: 113.7 | AG45: =AVERAGE(E45:Q45) -> 114.07692 | AH45: 116.7 | AI45: =AVERAGE(V45:X45) -> 108.1 | AJ45: =AVERAGE(S45:U45) -> 114.36667 | AK45: =AVERAGE(Y45:AD45) -> 110.95
A46: 45 | B46: Rural+Urban | C46: 2014 | D46: Marcrh | E46: 120.7 | F46: 119.3 | G46: 121 | H46: 116.1 | I46: 106.9 | J46: 118.7 | K46: 116.3 | L46: 109.8 | M46: 99.6 | N46: 111.8 | O46: 112.7 | P46: 119.3 | Q46: 116.1 | R46: 115.2 | S46: 116.8 | T46: 113.7 | U46: 116.4 | V46: 100.4 | W46: 112.5 | X46: 113.2 | Y46: 111.2 | Z46: 111.4 | AA46: 110.6 | AB46: 112 | AC46: 109 | AD46: 111.3 | AE46: 114.2 | AG46: =AVERAGE(E46:Q46) -> 114.48462 | AH46: 115.2 | AI46: =AVERAGE(V46:X46) -> 108.7 | AJ46: =AVERAGE(S46:U46) -> 115.63333 | AK46: =AVERAGE(Y46:AD46) -> 110.91667
A47: 46 | B47: Rural | C47: 2014 | D47: April | E47: 120.2 | F47: 118.9 | G47: 118.1 | H47: 117 | I47: 109.7 | J47: 125.5 | K47: 120.5 | L47: 111 | M47: 102.6 | N47: 111.2 | O47: 113.5 | P47: 118.7 | Q47: 117.2 | R47: 115.4 | S47: 118.1 | T47: 116.1 | U47: 117.8 | V47: =VLOOKUP($A47,'Impute housing Missing Value'!$A$1:$C$125,3,0) -> 113.9 | W47: 113.4 | X47: 113.7 | Y47: 111.8 | Z47: 111.2 | AA47: 110.5 | AB47: 113 | AC47: 108.9 | AD47: 111.5 | AE47: 115.4 | AG47: =AVERAGE(E47:Q47) -> 115.7 | AH47: 115.4 | AI47: =AVERAGE(V47:X47) -> 113.66667 | AJ47: =AVERAGE(S47:U47) -> 117.33333 | AK47: =AVERAGE(Y47:AD47) -> 111.15
A48: 47 | B48: Urban | C48: 2014 | D48: April | E48: 122.5 | F48: 121.7 | G48: 113.3 | H48: 117 | I48: 103.1 | J48: 126.7 | K48: 121.2 | L48: 111 | M48: 100.3 | N48: 115.3 | O48: 112.7 | P48: 121 | Q48: 118.2 | R48: 117.6 | S48: 116.3 | T48: 112.5 | U48: 115.7 | V48: 100.4 | W48: 110.9 | X48: 113.4 | Y48: 111 | Z48: 111.2 | AA48: 111.2 | AB48: 112.5 | AC48: 109.1 | AD48: 111.4 | AE48: 114.7 | AG48: =AVERAGE(E48:Q48) -> 115.69231 | AH48: 117.6 | AI48: =AVERAGE(V48:X48) -> 108.23333 | AJ48: =AVERAGE(S48:U48) -> 114.83333 | AK48: =AVERAGE(Y48:AD48) -> 111.06667
A49: 48 | B49: Rural+Urban | C49: 2014 | D49: April | E49: 120.9 | F49: 119.9 | G49: 116.2 | H49: 117 | I49: 107.3 | J49: 126.1 | K49: 120.7 | L49: 111 | M49: 101.8 | N49: 112.6 | O49: 113.2 | P49: 119.8 | Q49: 117.6 | R49: 116 | S49: 117.4 | T49: 114.6 | U49: 117 | V49: 100.4 | W49: 112.5 | X49: 113.6 | Y49: 111.5 | Z49: 111.2 | AA49: 110.9 | AB49: 112.7 | AC49: 109 | AD49: 111.5 | AE49: 115.1 | AG49: =AVERAGE(E49:Q49) -> 115.7 | AH49: 116 | AI49: =AVERAGE(V49:X49) -> 108.83333 | AJ49: =AVERAGE(S49:U49) -> 116.33333 | AK49: =AVERAGE(Y49:AD49) -> 111.13333
A50: 49 | B50: Rural | C50: 2014 | D50: May | E50: 120.3 | F50: 120.2 | G50: 116.9 | H50: 118 | I50: 110.1 | J50: 126.3 | K50: 123.9 | L50: 111.5 | M50: 103.5 | N50: 111.6 | O50: 114.2 | P50: 119.2 | Q50: 118.2 | R50: 116.3 | S50: 118.7 | T50: 116.8 | U50: 118.5 | V50: =VLOOKUP($A50,'Impute housing Missing Value'!$A$1:$C$125,3,0) -> 114.3 | W50: 113.4 | X50: 114.1 | Y50: 112.1 | Z50: 111.4 | AA50: 110.9 | AB50: 113.1 | AC50: 108.9 | AD50: 111.8 | AE50: 116 | AG50: =AVERAGE(E50:Q50) -> 116.45385 | AH50: 116.3 | AI50: =AVERAGE(V50:X50) -> 113.93333 | AJ50: =AVERAGE(S50:U50) -> 118 | AK50: =AVERAGE(Y50:AD50) -> 111.36667
A51: 50 | B51: Urban | C51: 2014 | D51: May | E51: 122.7 | F51: 124.1 | G51: 114.2 | H51: 119.1 | I51: 103.5 | J51: 129.2 | K51: 127 | L51: 112.6 | M51: 101.3 | N51: 117 | O51: 112.9 | P51: 121.7 | Q51: 120 | R51: 118.3 | S51: 116.8 | T51: 112.9 | U51: 116.2 | V51: 100.4 | W51: 111.1 | X51: 114.1 | Y51: 111.2 | Z51: 111.3 | AA51: 111.5 | AB51: 112.9 | AC51: 109.3 | AD51: 111.7 | AE51: 115.6 | AG51: =AVERAGE(E51:Q51) -> 117.33077 | AH51: 118.3 | AI51: =AVERAGE(V51:X51) -> 108.53333 | AJ51: =AVERAGE(S51:U51) -> 115.3 | AK51: =AVERAGE(Y51:AD51) -> 111.31667
A52: 51 | B52: Rural+Urban | C52: 2014 | D52: May | E52: 121.1 | F52: 121.6 | G52: 115.9 | H52: 118.4 | I52: 107.7 | J52: 127.7 | K52: 125 | L52: 111.9 | M52: 102.8 | N52: 113.4 | O52: 113.7 | P52: 120.4 | Q52: 118.9 | R52: 116.8 | S52: 118 | T52: 115.2 | U52: 117.6 | V52: 100.4 | W52: 112.5 | X52: 114.1 | Y52: 111.8 | Z52: 111.3 | AA52: 111.2 | AB52: 113 | AC52: 109.1 | AD52: 111.8 | AE52: 115.8 | AG52: =AVERAGE(E52:Q52) -> 116.80769 | AH52: 116.8 | AI52: =AVERAGE(V52:X52) -> 109 | AJ52: =AVERAGE(S52:U52) -> 116.93333 | AK52: =AVERAGE(Y52:AD52) -> 111.36667
A53: 52 | B53: Rural | C53: 2014 | D53: June | E53: 120.7 | F53: 121.6 | G53: 116.1 | H53: 119.3 | I53: 110.3 | J53: 125.8 | K53: 129.3 | L53: 112.2 | M53: 103.6 | N53: 112.3 | O53: 114.9 | P53: 120.1 | Q53: 119.5 | R53: 117.3 | S53: 119.7 | T53: 117.3 | U53: 119.3 | V53: =VLOOKUP($A53,'Impute housing Missing Value'!$A$1:$C$125,3,0) -> 113.9 | W53: 114.4 | X53: 114.9 | Y53: 112.8 | Z53: 112.2 | AA53: 111.4 | AB53: 114.3 | AC53: 108 | AD53: 112.3 | AE53: 117 | AG53: =AVERAGE(E53:Q53) -> 117.36154 | AH53: 117.3 | AI53: =AVERAGE(V53:X53) -> 114.4 | AJ53: =AVERAGE(S53:U53) -> 118.76667 | AK53: =AVERAGE(Y53:AD53) -> 111.83333
A54: 53 | B54: Urban | C54: 2014 | D54: June | E54: 123.1 | F54: 125.9 | G54: 115.4 | H54: 120.4 | I54: 103.4 | J54: 131.2 | K54: 137.5 | L54: 112.8 | M54: 101.4 | N54: 118.3 | O54: 113.2 | P54: 122.4 | Q54: 122 | R54: 119 | S54: 117.4 | T54: 113.2 | U54: 116.7 | V54: 100.4 | W54: 111.2 | X54: 114.3 | Y54: 111.4 | Z54: 111.5 | AA54: 111.8 | AB54: 115.1 | AC54: 108.7 | AD54: 112.2 | AE54: 116.4 | AG54: =AVERAGE(E54:Q54) -> 119 | AH54: 119 | AI54: =AVERAGE(V54:X54) -> 108.63333 | AJ54: =AVERAGE(S54:U54) -> 115.76667 | AK54: =AVERAGE(Y54:AD54) -> 111.78333
A55: 54 | B55: Rural+Urban | C55: 2014 | D55: June | E55: 121.5 | F55: 123.1 | G55: 115.8 | H55: 119.7 | I55: 107.8 | J55: 128.3 | K55: 132.1 | L55: 112.4 | M55: 102.9 | N55: 114.3 | O55: 114.2 | P55: 121.2 | Q55: 120.4 | R55: 117.8 | S55: 118.8 | T55: 115.6 | U55: 118.3 | V55: 100.4 | W55: 113.2 | X55: 114.6 | Y55: 112.3 | Z55: 111.8 | AA55: 111.6 | AB55: 114.8 | AC55: 108.3 | AD55: 112.3 | AE55: 116.7 | AG55: =AVERAGE(E55:Q55) -> 117.97692 | AH55: 117.8 | AI55: =AVERAGE(V55:X55) -> 109.4 | AJ55: =AVERAGE(S55:U55) -> 117.56667 | AK55: =AVERAGE(Y55:AD55) -> 111.85
A56: 55 | B56: Rural | C56: 2014 | D56: July | E56: 121.7 | F56: 122.5 | G56: 117.7 | H56: 120.6 | I56: 110.4 | J56: 129.1 | K56: 150.1 | L56: 113.2 | M56: 104.8 | N56: 113.3 | O56: 115.6 | P56: 120.9 | Q56: 123.3 | R56: 118 | S56: 120.7 | T56: 118.3 | U56: 120.3 | V56: =VLOOKUP($A56,'Impute housing Missing Value'!$A$1:$C$125,3,0) -> 114.8 | W56: 115.3 | X56: 115.4 | Y56: 113.4 | Z56: 113.2 | AA56: 111.8 | AB56: 115.5 | AC56: 108.8 | AD56: 113.1 | AE56: 119.5 | AG56: =AVERAGE(E56:Q56) -> 120.24615 | AH56: 118 | AI56: =AVERAGE(V56:X56) -> 115.16667 | AJ56: =AVERAGE(S56:U56) -> 119.76667 | AK56: =AVERAGE(Y56:AD56) -> 112.63333
A57: 56 | B57: Urban | C57: 2014 | D57: July | E57: 123.8 | F57: 126.4 | G57: 118 | H57: 121.6 | I57: 103.5 | J57: 133.7 | K57: 172.4 | L57: 113.1 | M57: 102.7 | N57: 120 | O57: 113.8 | P57: 123.4 | Q57: 127.1 | R57: 121 | S57: 118 | T57: 113.6 | U57: 117.4 | V57: 100.4 | W57: 111.6 | X57: 114.9 | Y57: 111.5 | Z57: 113 | AA57: 112.4 | AB57: 117.8 | AC57: 109.7 | AD57: 113.5 | AE57: 118.9 | AG57: =AVERAGE(E57:Q57) -> 123.03846 | AH57: 121 | AI57: =AVERAGE(V57:X57) -> 108.96667 | AJ57: =AVERAGE(S57:U57) -> 116.33333 | AK57: =AVERAGE(Y57:AD57) -> 112.98333
A58: 57 | B58: Rural+Urban | C58: 2014 | D58: July | E58: 122.4 | F58: 123.9 | G58: 117.8 | H58: 121 | I58: 107.9 | J58: 131.2 | K58: 157.7 | L58: 113.2 | M58: 104.1 | N58: 115.5 | O58: 114.8 | P58: 122.1 | Q58: 124.7 | R58: 118.8 | S58: 119.6 | T58: 116.3 | U58: 119.1 | V58: 100.4 | W58: 113.9 | X58: 115.2 | Y58: 112.7 | Z58: 113.1 | AA58: 112.1 | AB58: 116.8 | AC58: 109.2 | AD58: 113.3 | AE58: 119.2 | AG58: =AVERAGE(E58:Q58) -> 121.25385 | AH58: 118.8 | AI58: =AVERAGE(V58:X58) -> 109.83333 | AJ58: =AVERAGE(S58:U58) -> 118.33333 | AK58: =AVERAGE(Y58:AD58) -> 112.86667
A59: 58 | B59: Rural | C59: 2014 | D59: August | E59: 121.8 | F59: 122.8 | G59: 117.8 | H59: 121.9 | I59: 110.6 | J59: 129.7 | K59: 161.1 | L59: 114.1 | M59: 105.1 | N59: 114.6 | O59: 115.8 | P59: 121.7 | Q59: 125.3 | R59: 118.8 | S59: 120.9 | T59: 118.8 | U59: 120.7 | V59: =VLOOKUP($A59,'Impute housing Missing Value'!$A$1:$C$125,3,0) -> 115.5 | W59: 115.4 | X59: 115.9 | Y59: 114 | Z59: 113.2 | AA59: 112.2 | AB59: 116.2 | AC59: 109.4 | AD59: 113.5 | AE59: 120.7 | AG59: =AVERAGE(E59:Q59) -> 121.71538 | AH59: 118.8 | AI59: =AVERAGE(V59:X59) -> 115.6 | AJ59: =AVERAGE(S59:U59) -> 120.13333 | AK59: =AVERAGE(Y59:AD59) -> 113.08333
A60: 59 | B60: Urban | C60: 2014 | D60: August | E60: 124.8 | F60: 127.3 | G60: 116.5 | H60: 122.2 | I60: 103.6 | J60: 132.7 | K60: 181.9 | L60: 115.2 | M60: 102.7 | N60: 122.1 | O60: 114.4 | P60: 124.7 | Q60: 128.9 | R60: 123 | S60: 118.6 | T60: 114.1 | U60: 117.9 | V60: 100.4 | W60: 111.8 | X60: 115.3 | Y60: 112.2 | Z60: 112.5 | AA60: 112.9 | AB60: 119.2 | AC60: 110.5 | AD60: 113.9 | AE60: 119.9 | AG60: =AVERAGE(E60:Q60) -> 124.38462 | AH60: 123 | AI60: =AVERAGE(V60:X60) -> 109.16667 | AJ60: =AVERAGE(S60:U60) -> 116.86667 | AK60: =AVERAGE(Y60:AD60) -> 113.53333
A61: 60 | B61: Rural+Urban | C61: 2014 | D61: August | E61: 122.7 | F61: 124.4 | G61: 117.3 | H61: 122 | I61: 108 | J61: 131.1 | K61: 168.2 | L61: 114.5 | M61: 104.3 | N61: 117.1 | O61: 115.2 | P61: 123.1 | Q61: 126.6 | R61: 119.9 | S61: 120 | T61: 116.8 | U61: 119.6 | V61: 100.4 | W61: 114 | X61: 115.6 | Y61: 113.3 | Z61: 112.8 | AA61: 112.6 | AB61: 118 | AC61: 109.9 | AD61: 113.7 | AE61: 120.3 | AG61: =AVERAGE(E61:Q61) -> 122.65385 | AH61: 119.9 | AI61: =AVERAGE(V61:X61) -> 110 | AJ61: =AVERAGE(S61:U61) -> 118.8 | AK61: =AVERAGE(Y61:AD61) -> 113.38333
A62: 61 | B62: Rural | C62: 2014 | D62: September | E62: 122.3 | F62: 122.4 | G62: 117.8 | H62: 122.7 | I62: 110.4 | J62: 129.8 | K62: 158.8 | L62: 115 | M62: 104.7 | N62: 114.9 | O62: 116.5 | P62: 122.6 | Q62: 125.3 | R62: 119.5 | S62: 121.7 | T62: 119.2 | U62: 121.3 | V62: =VLOOKUP($A62,'Impute housing Missing Value'!$A$1:$C$125,3,0) -> 116.1 | W62: 115.8 | X62: 116.7 | Y62: 114.5 | Z62: 112.8 | AA62: 112.6 | AB62: 116.6 | AC62: 109.1 | AD62: 113.7 | AE62: 120.9 | AG62: =AVERAGE(E62:Q62) -> 121.78462 | AH62: 119.5 | AI62: =AVERAGE(V62:X62) -> 116.2 | AJ62: =AVERAGE(S62:U62) -> 120.73333 | AK62: =AVERAGE(Y62:AD62) -> 113.21667
A63: 62 | B63: Urban | C63: 2014 | D63: September | E63: 124.2 | F63: 125.4 | G63: 116.4 | H63: 122.7 | I63: 103.5 | J63: 124.5 | K63: 168.6 | L63: 116.9 | M63: 101.9 | N63: 122.9 | O63: 114.8 | P63: 125.2 | Q63: 126.7 | R63: 124.3 | S63: 119.2 | T63: 114.5 | U63: 118.4 | V63: 100.4 | W63: 111.8 | X63: 115.5 | Y63: 112.3 | Z63: 111.2 | AA63: 113.4 | AB63: 120 | AC63: 110 | AD63: 113.6 | AE63: 119.2 | AG63: =AVERAGE(E63:Q63) -> 122.59231 | AH63: 124.3 | AI63: =AVERAGE(V63:X63) -> 109.23333 | AJ63: =AVERAGE(S63:U63) -> 117.36667 | AK63: =AVERAGE(Y63:AD63) -> 113.41667
A64: 63 | B64: Rural+Urban | C64: 2014 | D64: September | E64: 122.9 | F64: 123.5 | G64: 117.3 | H64: 122.7 | I64: 107.9 | J64: 127.3 | K64: 162.1 | L64: 115.6 | M64: 103.8 | N64: 117.6 | O64: 115.8 | P64: 123.8 | Q64: 125.8 | R64: 120.8 | S64: 120.7 | T64: 117.2 | U64: 120.1 | V64: 100.4 | W64: 114.3 | X64: 116.1 | Y64: 113.7 | Z64: 112 | AA64: 113.1 | AB64: 118.6 | AC64: 109.5 | AD64: 113.7 | AE64: 120.1 | AG64: =AVERAGE(E64:Q64) -> 122.00769 | AH64: 120.8 | AI64: =AVERAGE(V64:X64) -> 110.26667 | AJ64: =AVERAGE(S64:U64) -> 119.33333 | AK64: =AVERAGE(Y64:AD64) -> 113.43333
A65: 64 | B65: Rural | C65: 2014 | D65: October | E65: 122.6 | F65: 122.5 | G65: 118.3 | H65: 123.2 | I65: 110.5 | J65: 128.9 | K65: 155.3 | L65: 115.5 | M65: 104 | N65: 115.3 | O65: 116.8 | P65: 123.2 | Q65: 125.1 | R65: 120 | S65: 122.7 | T65: 120.3 | U65: 122.3 | V65: =VLOOKUP($A65,'Impute housing Missing Value'!$A$1:$C$125,3,0) -> 116.7 | W65: 116.4 | X65: 117.5 | Y65: 115.3 | Z65: 112.6 | AA65: 113 | AB65: 116.9 | AC65: 109.3 | AD65: 114 | AE65: 121 | AG65: =AVERAGE(E65:Q65) -> 121.63077 | AH65: 120 | AI65: =AVERAGE(V65:X65) -> 116.86667 | AJ65: =AVERAGE(S65:U65) -> 121.76667 | AK65: =AVERAGE(Y65:AD65) -> 113.51667
A66: 65 | B66: Urban | C66: 2014 | D66: October | E66: 124.6 | F66: 126.1 | G66: 117.8 | H66: 123.1 | I66: 103.5 | J66: 123.5 | K66: 159.6 | L66: 117.4 | M66: 101.2 | N66: 123.8 | O66: 115.2 | P66: 125.9 | Q66: 125.8 | R66: 124.3 | S66: 119.6 | T66: 114.9 | U66: 118.9 | V66: 100.4 | W66: 112 | X66: 115.8 | Y66: 112.6 | Z66: 111 | AA66: 113.6 | AB66: 120.2 | AC66: 110.1 | AD66: 113.7 | AE66: 119.1 | AG66: =AVERAGE(E66:Q66) -> 122.11538 | AH66: 124.3 | AI66: =AVERAGE(V66:X66) -> 109.4 | AJ66: =AVERAGE(S66:U66) -> 117.8 | AK66: =AVERAGE(Y66:AD66) -> 113.53333
A67: 66 | B67: Rural+Urban | C67: 2014 | D67: October | E67: 123.2 | F67: 123.8 | G67: 118.1 | H67: 123.2 | I67: 107.9 | J67: 126.4 | K67: 156.8 | L67: 116.1 | M67: 103.1 | N67: 118.1 | O67: 116.1 | P67: 124.5 | Q67: 125.4 | R67: 121.1 | S67: 121.5 | T67: 118.1 | U67: 121 | V67: 100.4 | W67: 114.7 | X67: 116.7 | Y67: 114.3 | Z67: 111.8 | AA67: 113.3 | AB67: 118.8 | AC67: 109.6 | AD67: 113.9 | AE67: 120.1 | AG67: =AVERAGE(E67:Q67) -> 121.74615 | AH67: 121.1 | AI67: =AVERAGE(V67:X67) -> 110.6 | AJ67: =AVERAGE(S67:U67) -> 120.2 | AK67: =AVERAGE(Y67:AD67) -> 113.61667
A68: 67 | B68: Rural | C68: 2014 | D68: November | E68: 122.7 | F68: 122.6 | G68: 119.9 | H68: 124 | I68: 110.5 | J68: 128.8 | K68: 152 | L68: 116.2 | M68: 103.3 | N68: 115.8 | O68: 116.8 | P68: 124.5 | Q68: 124.9 | R68: 120.8 | S68: 123.3 | T68: 120.5 | U68: 122.9 | V68: =VLOOKUP($A68,'Impute housing Missing Value'!$A$1:$C$125,3,0) -> 117.1 | W68: 117.3 | X68: 118.1 | Y68: 115.9 | Z68: 112 | AA68: 113.3 | AB68: 117.2 | AC68: 108.8 | AD68: 114.1 | AE68: 121.1 | AG68: =AVERAGE(E68:Q68) -> 121.69231 | AH68: 120.8 | AI68: =AVERAGE(V68:X68) -> 117.5 | AJ68: =AVERAGE(S68:U68) -> 122.23333 | AK68: =AVERAGE(Y68:AD68) -> 113.55
A69: 68 | B69: Urban | C69: 2014 | D69: November | E69: 124.5 | F69: 125.6 | G69: 122.7 | H69: 124.6 | I69: 103.2 | J69: 122.2 | K69: 153.2 | L69: 119.3 | M69: 99.8 | N69: 124.6 | O69: 115.8 | P69: 126.9 | Q69: 125.4 | R69: 125.8 | S69: 120.3 | T69: 115.4 | U69: 119.5 | V69: 100.4 | W69: 112.6 | X69: 116.4 | Y69: 113 | Z69: 109.7 | AA69: 114 | AB69: 120.3 | AC69: 109.6 | AD69: 113.4 | AE69: 119 | AG69: =AVERAGE(E69:Q69) -> 122.13846 | AH69: 125.8 | AI69: =AVERAGE(V69:X69) -> 109.8 | AJ69: =AVERAGE(S69:U69) -> 118.4 | AK69: =AVERAGE(Y69:AD69) -> 113.33333
A70: 69 | B70: Rural+Urban | C70: 2014 | D70: November | E70: 123.3 | F70: 123.7 | G70: 121 | H70: 124.2 | I70: 107.8 | J70: 125.7 | K70: 152.4 | L70: 117.2 | M70: 102.1 | N70: 118.7 | O70: 116.4 | P70: 125.6 | Q70: 125.1 | R70: 122.1 | S70: 122.1 | T70: 118.4 | U70: 121.6 | V70: 100.4 | W70: 115.5 | X70: 117.3 | Y70: 114.8 | Z70: 110.8 | AA70: 113.7 | AB70: 119 | AC70: 109.1 | AD70: 113.8 | AE70: 120.1 | AG70: =AVERAGE(E70:Q70) -> 121.78462 | AH70: 122.1 | AI70: =AVERAGE(V70:X70) -> 111.06667 | AJ70: =AVERAGE(S70:U70) -> 120.7 | AK70: =AVERAGE(Y70:AD70) -> 113.53333
A71: 70 | B71: Rural | C71: 2014 | D71: December | E71: 122.4 | F71: 122.4 | G71: 121.8 | H71: 124.2 | I71: 110.2 | J71: 128.6 | K71: 140.3 | L71: 116.3 | M71: 102 | N71: 116 | O71: 117.3 | P71: 124.8 | Q71: 123.3 | R71: 121.7 | S71: 123.8 | T71: 120.6 | U71: 123.3 | V71: =VLOOKUP($A71,'Impute housing Missing Value'!$A$1:$C$125,3,0) -> 116.5 | W71: 117.4 | X71: 118.2 | Y71: 116.2 | Z71: 111.5 | AA71: 113.3 | AB71: 117.7 | AC71: 109.4 | AD71: 114.2 | AE71: 120.3 | AG71: =AVERAGE(E71:Q71) -> 120.73846 | AH71: 121.7 | AI71: =AVERAGE(V71:X71) -> 117.36667 | AJ71: =AVERAGE(S71:U71) -> 122.56667 | AK71: =AVERAGE(Y71:AD71) -> 113.71667
A72: 71 | B72: Urban | C72: 2014 | D72: December | E72: 124 | F72: 124.7 | G72: 126.3 | H72: 124.9 | I72: 103 | J72: 122.3 | K72: 141 | L72: 120.1 | M72: 97.8 | N72: 125.4 | O72: 116.1 | P72: 127.6 | Q72: 124 | R72: 126.4 | S72: 120.7 | T72: 115.8 | U72: 120 | V72: 100.4 | W72: 113 | X72: 116.8 | Y72: 113.2 | Z72: 108.8 | AA72: 114.3 | AB72: 120.7 | AC72: 110.4 | AD72: 113.4 | AE72: 118.4 | AG72: =AVERAGE(E72:Q72) -> 121.32308 | AH72: 126.4 | AI72: =AVERAGE(V72:X72) -> 110.06667 | AJ72: =AVERAGE(S72:U72) -> 118.83333 | AK72: =AVERAGE(Y72:AD72) -> 113.46667
A73: 72 | B73: Rural+Urban | C73: 2014 | D73: December | E73: 122.9 | F73: 123.2 | G73: 123.5 | H73: 124.5 | I73: 107.6 | J73: 125.7 | K73: 140.5 | L73: 117.6 | M73: 100.6 | N73: 119.1 | O73: 116.8 | P73: 126.1 | Q73: 123.6 | R73: 123 | S73: 122.6 | T73: 118.6 | U73: 122 | V73: 100.4 | W73: 115.7 | X73: 117.5 | Y73: 115.1 | Z73: 110.1 | AA73: 113.9 | AB73: 119.5 | AC73: 109.8 | AD73: 113.8 | AE73: 119.4 | AG73: =AVERAGE(E73:Q73) -> 120.9 | AH73: 123 | AI73: =AVERAGE(V73:X73) -> 111.2 | AJ73: =AVERAGE(S73:U73) -> 121.06667 | AK73: =AVERAGE(Y73:AD73) -> 113.7
A74: 73 | B74: Rural | C74: 2015 | D74: January | E74: 123.1 | F74: 123.1 | G74: 122.1 | H74: 124.9 | I74: 111 | J74: 130.4 | K74: 132.3 | L74: 117.2 | M74: 100.5 | N74: 117.2 | O74: 117.9 | P74: 125.6 | Q74: 122.8 | R74: 122.7 | S74: 124.4 | T74: 121.6 | U74: 124 | V74: =VLOOKUP($A74,'Impute housing Missing Value'!$A$1:$C$125,3,0) -> 117.3 | W74: 118.4 | X74: 118.9 | Y74: 116.6 | Z74: 111 | AA74: 114 | AB74: 118.2 | AC74: 110.2 | AD74: 114.5 | AE74: 120.3 | AG74: =AVERAGE(E74:Q74) -> 120.62308 | AH74: 122.7 | AI74: =AVERAGE(V74:X74) -> 118.2 | AJ74: =AVERAGE(S74:U74) -> 123.33333 | AK74: =AVERAGE(Y74:AD74) -> 114.08333
A75: 74 | B75: Urban | C75: 2015 | D75: January | E75: 124 | F75: 125.5 | G75: 126.6 | H75: 125.2 | I75: 104.3 | J75: 121.3 | K75: 134.4 | L75: 122.9 | M75: 96.1 | N75: 126.6 | O75: 116.5 | P75: 128 | Q75: 123.5 | R75: 127.4 | S75: 121 | T75: 116.1 | U75: 120.2 | V75: 100.4 | W75: 113.4 | X75: 117.2 | Y75: 113.7 | Z75: 107.9 | AA75: 114.6 | AB75: 120.8 | AC75: 111.4 | AD75: 113.4 | AE75: 118.5 | AG75: =AVERAGE(E75:Q75) -> 121.14615 | AH75: 127.4 | AI75: =AVERAGE(V75:X75) -> 110.33333 | AJ75: =AVERAGE(S75:U75) -> 119.1 | AK75: =AVERAGE(Y75:AD75) -> 113.63333
A76: 75 | B76: Rural+Urban | C76: 2015 | D76: January | E76: 123.4 | F76: 123.9 | G76: 123.8 | H76: 125 | I76: 108.5 | J76: 126.2 | K76: 133 | L76: 119.1 | M76: 99 | N76: 120.3 | O76: 117.3 | P76: 126.7 | Q76: 123.1 | R76: 124 | S76: 123.1 | T76: 119.3 | U76: 122.5 | V76: 100.4 | W76: 116.5 | X76: 118.1 | Y76: 115.5 | Z76: 109.4 | AA76: 114.3 | AB76: 119.7 | AC76: 110.7 | AD76: 114 | AE76: 119.5 | AG76: =AVERAGE(E76:Q76) -> 120.71538 | AH76: 124 | AI76: =AVERAGE(V76:X76) -> 111.66667 | AJ76: =AVERAGE(S76:U76) -> 121.63333 | AK76: =AVERAGE(Y76:AD76) -> 113.93333
A77: 76 | B77: Rural | C77: 2015 | D77: February | E77: 123.4 | F77: 124.4 | G77: 122.1 | H77: 125.8 | I77: 111.5 | J77: 129.4 | K77: 128.2 | L77: 118.8 | M77: 100 | N77: 118.6 | O77: 118.8 | P77: 126.8 | Q77: 122.8 | R77: 124.2 | S77: 125.4 | T77: 122.7 | U77: 125 | V77: =VLOOKUP($A77,'Impute housing Missing Value'!$A$1:$C$125,3,0) -> 118.1 | W77: 120 | X77: 119.6 | Y77: 117.7 | Z77: 110.9 | AA77: 114.8 | AB77: 118.7 | AC77: 110.8 | AD77: 115 | AE77: 120.6 | AG77: =AVERAGE(E77:Q77) -> 120.81538 | AH77: 124.2 | AI77: =AVERAGE(V77:X77) -> 119.23333 | AJ77: =AVERAGE(S77:U77) -> 124.36667 | AK77: =AVERAGE(Y77:AD77) -> 114.65
A78: 77 | B78: Urban | C78: 2015 | D78: February | E78: 124.3 | F78: 126.5 | G78: 119.5 | H78: 125.6 | I78: 104.9 | J78: 121.6 | K78: 131.8 | L78: 125.1 | M78: 95 | N78: 127.7 | O78: 116.8 | P78: 128.6 | Q78: 123.7 | R78: 128.1 | S78: 121.3 | T78: 116.5 | U78: 120.6 | V78: 100.4 | W78: 114 | X78: 117.7 | Y78: 114.1 | Z78: 106.8 | AA78: 114.9 | AB78: 120.4 | AC78: 111.7 | AD78: 113.2 | AE78: 118.7 | AG78: =AVERAGE(E78:Q78) -> 120.85385 | AH78: 128.1 | AI78: =AVERAGE(V78:X78) -> 110.7 | AJ78: =AVERAGE(S78:U78) -> 119.46667 | AK78: =AVERAGE(Y78:AD78) -> 113.51667
A79: 78 | B79: Rural+Urban | C79: 2015 | D79: February | E79: 123.7 | F79: 125.1 | G79: 121.1 | H79: 125.7 | I79: 109.1 | J79: 125.8 | K79: 129.4 | L79: 120.9 | M79: 98.3 | N79: 121.6 | O79: 118 | P79: 127.6 | Q79: 123.1 | R79: 125.2 | S79: 123.8 | T79: 120.1 | U79: 123.3 | V79: 100.4 | W79: 117.7 | X79: 118.7 | Y79: 116.3 | Z79: 108.7 | AA79: 114.9 | AB79: 119.7 | AC79: 111.2 | AD79: 114.1 | AE79: 119.7 | AG79: =AVERAGE(E79:Q79) -> 120.72308 | AH79: 125.2 | AI79: =AVERAGE(V79:X79) -> 112.26667 | AJ79: =AVERAGE(S79:U79) -> 122.4 | AK79: =AVERAGE(Y79:AD79) -> 114.15
A80: 79 | B80: Rural | C80: 2015 | D80: March | E80: 123.3 | F80: 124.7 | G80: 118.9 | H80: 126 | I80: 111.8 | J80: 130.9 | K80: 128 | L80: 119.9 | M80: 98.9 | N80: 119.4 | O80: 118.9 | P80: 127.7 | Q80: 123.1 | R80: 124.7 | S80: 126 | T80: 122.9 | U80: 125.5 | V80: =VLOOKUP($A80,'Impute housing Missing Value'!$A$1:$C$125,3,0) -> 118.6 | W80: 120.6 | X80: 120.2 | Y80: 118.2 | Z80: 111.6 | AA80: 115.5 | AB80: 119.4 | AC80: 110.8 | AD80: 115.5 | AE80: 121.1 | AG80: =AVERAGE(E80:Q80) -> 120.88462 | AH80: 124.7 | AI80: =AVERAGE(V80:X80) -> 119.8 | AJ80: =AVERAGE(S80:U80) -> 124.8 | AK80: =AVERAGE(Y80:AD80) -> 115.16667
A81: 80 | B81: Urban | C81: 2015 | D81: March | E81: 124 | F81: 126.7 | G81: 113.5 | H81: 125.9 | I81: 104.8 | J81: 123.8 | K81: 131.4 | L81: 127.2 | M81: 93.2 | N81: 127.4 | O81: 117 | P81: 129.2 | Q81: 123.9 | R81: 128.8 | S81: 121.7 | T81: 116.9 | U81: 120.9 | V81: 100.4 | W81: 114.4 | X81: 118 | Y81: 114.3 | Z81: 108.4 | AA81: 115.4 | AB81: 120.6 | AC81: 111.3 | AD81: 113.8 | AE81: 119.1 | AG81: =AVERAGE(E81:Q81) -> 120.61538 | AH81: 128.8 | AI81: =AVERAGE(V81:X81) -> 110.93333 | AJ81: =AVERAGE(S81:U81) -> 119.83333 | AK81: =AVERAGE(Y81:AD81) -> 113.96667
A82: 81 | B82: Rural+Urban | C82: 2015 | D82: March | E82: 123.5 | F82: 125.4 | G82: 116.8 | H82: 126 | I82: 109.2 | J82: 127.6 | K82: 129.2 | L82: 122.4 | M82: 97 | N82: 122.1 | O82: 118.1 | P82: 128.4 | Q82: 123.4 | R82: 125.8 | S82: 124.3 | T82: 120.4 | U82: 123.7 | V82: 100.4 | W82: 118.3 | X82: 119.2 | Y82: 116.7 | Z82: 109.9 | AA82: 115.4 | AB82: 120.1 | AC82: 111 | AD82: 114.7 | AE82: 120.2 | AG82: =AVERAGE(E82:Q82) -> 120.7 | AH82: 125.8 | AI82: =AVERAGE(V82:X82) -> 112.63333 | AJ82: =AVERAGE(S82:U82) -> 122.8 | AK82: =AVERAGE(Y82:AD82) -> 114.63333
A83: 82 | B83: Rural | C83: 2015 | D83: April | E83: 123.3 | F83: 125.5 | G83: 117.2 | H83: 126.8 | I83: 111.9 | J83: 134.2 | K83: 127.5 | L83: 121.5 | M83: 97.8 | N83: 119.8 | O83: 119.4 | P83: 128.7 | Q83: 123.6 | R83: 125.7 | S83: 126.4 | T83: 123.3 | U83: 126 | V83: =VLOOKUP($A83,'Impute housing Missing Value'!$A$1:$C$125,3,0) -> 119.2 | W83: 121.2 | X83: 120.9 | Y83: 118.6 | Z83: 111.9 | AA83: 116.2 | AB83: 119.9 | AC83: 111.6 | AD83: 116 | AE83: 121.5 | AG83: =AVERAGE(E83:Q83) -> 121.32308 | AH83: 125.7 | AI83: =AVERAGE(V83:X83) -> 120.43333 | AJ83: =AVERAGE(S83:U83) -> 125.23333 | AK83: =AVERAGE(Y83:AD83) -> 115.7
A84: 83 | B84: Urban | C84: 2015 | D84: April | E84: 123.8 | F84: 128.2 | G84: 110 | H84: 126.3 | I84: 104.5 | J84: 130.6 | K84: 130.8 | L84: 131.3 | M84: 91.6 | N84: 127.7 | O84: 117.2 | P84: 129.5 | Q84: 124.6 | R84: 130.1 | S84: 122.1 | T84: 117.2 | U84: 121.3 | V84: 100.4 | W84: 114.7 | X84: 118.4 | Y84: 114.6 | Z84: 108.4 | AA84: 115.6 | AB84: 121.7 | AC84: 111.8 | AD84: 114.2 | AE84: 119.7 | AG84: =AVERAGE(E84:Q84) -> 121.23846 | AH84: 130.1 | AI84: =AVERAGE(V84:X84) -> 111.16667 | AJ84: =AVERAGE(S84:U84) -> 120.2 | AK84: =AVERAGE(Y84:AD84) -> 114.38333
A85: 84 | B85: Rural+Urban | C85: 2015 | D85: April | E85: 123.5 | F85: 126.4 | G85: 114.4 | H85: 126.6 | I85: 109.2 | J85: 132.5 | K85: 128.6 | L85: 124.8 | M85: 95.7 | N85: 122.4 | O85: 118.5 | P85: 129.1 | Q85: 124 | R85: 126.9 | S85: 124.7 | T85: 120.8 | U85: 124.1 | V85: 100.4 | W85: 118.7 | X85: 119.7 | Y85: 117.1 | Z85: 110.1 | AA85: 115.9 | AB85: 121 | AC85: 111.7 | AD85: 115.1 | AE85: 120.7 | AG85: =AVERAGE(E85:Q85) -> 121.20769 | AH85: 126.9 | AI85: =AVERAGE(V85:X85) -> 112.93333 | AJ85: =AVERAGE(S85:U85) -> 123.2 | AK85: =AVERAGE(Y85:AD85) -> 115.15
A86: 85 | B86: Rural | C86: 2015 | D86: May | E86: 123.5 | F86: 127.1 | G86: 117.3 | H86: 127.7 | I86: 112.5 | J86: 134.1 | K86: 128.5 | L86: 124.3 | M86: 97.6 | N86: 120.7 | O86: 120.2 | P86: 129.8 | Q86: 124.4 | R86: 126.7 | S86: 127.3 | T86: 124.1 | U86: 126.8 | V86: =VLOOKUP($A86,'Impute housing Missing Value'!$A$1:$C$125,3,0) -> 119.6 | W86: 121.9 | X86: 121.5 | Y86: 119.4 | Z86: 113.3 | AA86: 116.7 | AB86: 120.5 | AC86: 112.3 | AD86: 116.9 | AE86: 122.4 | AG86: =AVERAGE(E86:Q86) -> 122.13077 | AH86: 126.7 | AI86: =AVERAGE(V86:X86) -> 121 | AJ86: =AVERAGE(S86:U86) -> 126.06667 | AK86: =AVERAGE(Y86:AD86) -> 116.51667
A87: 86 | B87: Urban | C87: 2015 | D87: May | E87: 123.8 | F87: 129.7 | G87: 111.3 | H87: 126.6 | I87: 105.2 | J87: 130.8 | K87: 135.6 | L87: 142.6 | M87: 90.8 | N87: 128.8 | O87: 117.7 | P87: 129.9 | Q87: 126.1 | R87: 131.3 | S87: 122.4 | T87: 117.4 | U87: 121.6 | V87: 100.4 | W87: 114.9 | X87: 118.7 | Y87: 114.9 | Z87: 110.8 | AA87: 116 | AB87: 122 | AC87: 112.4 | AD87: 115.2 | AE87: 120.7 | AG87: =AVERAGE(E87:Q87) -> 122.99231 | AH87: 131.3 | AI87: =AVERAGE(V87:X87) -> 111.33333 | AJ87: =AVERAGE(S87:U87) -> 120.46667 | AK87: =AVERAGE(Y87:AD87) -> 115.21667
A88: 87 | B88: Rural+Urban | C88: 2015 | D88: May | E88: 123.6 | F88: 128 | G88: 115 | H88: 127.3 | I88: 109.8 | J88: 132.6 | K88: 130.9 | L88: 130.5 | M88: 95.3 | N88: 123.4 | O88: 119.2 | P88: 129.8 | Q88: 125 | R88: 127.9 | S88: 125.4 | T88: 121.3 | U88: 124.7 | V88: 100.4 | W88: 119.2 | X88: 120.2 | Y88: 117.7 | Z88: 112 | AA88: 116.3 | AB88: 121.4 | AC88: 112.3 | AD88: 116.1 | AE88: 121.6 | AG88: =AVERAGE(E88:Q88) -> 122.33846 | AH88: 127.9 | AI88: =AVERAGE(V88:X88) -> 113.26667 | AJ88: =AVERAGE(S88:U88) -> 123.8 | AK88: =AVERAGE(Y88:AD88) -> 115.96667
A89: 88 | B89: Rural | C89: 2015 | D89: June | E89: 124.1 | F89: 130.4 | G89: 122.1 | H89: 128.7 | I89: 114.1 | J89: 133.2 | K89: 135.2 | L89: 131.9 | M89: 96.3 | N89: 123 | O89: 121.1 | P89: 131.2 | Q89: 126.6 | R89: 128.2 | S89: 128.4 | T89: 125.1 | U89: 128 | V89: =VLOOKUP($A89,'Impute housing Missing Value'!$A$1:$C$125,3,0) -> 119 | W89: 122.6 | X89: 122.8 | Y89: 120.4 | Z89: 114.2 | AA89: 117.9 | AB89: 122 | AC89: 113 | AD89: 117.9 | AE89: 124.1 | AG89: =AVERAGE(E89:Q89) -> 124.45385 | AH89: 128.2 | AI89: =AVERAGE(V89:X89) -> 121.46667 | AJ89: =AVERAGE(S89:U89) -> 127.16667 | AK89: =AVERAGE(Y89:AD89) -> 117.56667
A90: 89 | B90: Urban | C90: 2015 | D90: June | E90: 123.6 | F90: 134.4 | G90: 120.9 | H90: 127.3 | I90: 106 | J90: 132.3 | K90: 146.7 | L90: 148.1 | M90: 89.8 | N90: 130.5 | O90: 118 | P90: 130.5 | Q90: 128.5 | R90: 132.1 | S90: 123.2 | T90: 117.6 | U90: 122.3 | V90: 100.4 | W90: 115.1 | X90: 119.2 | Y90: 115.4 | Z90: 111.7 | AA90: 116.2 | AB90: 123.8 | AC90: 112.5 | AD90: 116 | AE90: 121.7 | AG90: =AVERAGE(E90:Q90) -> 125.89231 | AH90: 132.1 | AI90: =AVERAGE(V90:X90) -> 111.56667 | AJ90: =AVERAGE(S90:U90) -> 121.03333 | AK90: =AVERAGE(Y90:AD90) -> 115.93333
A91: 90 | B91: Rural+Urban | C91: 2015 | D91: June | E91: 123.9 | F91: 131.8 | G91: 121.6 | H91: 128.2 | I91: 111.1 | J91: 132.8 | K91: 139.1 | L91: 137.4 | M91: 94.1 | N91: 125.5 | O91: 119.8 | P91: 130.9 | Q91: 127.3 | R91: 129.2 | S91: 126.4 | T91: 122 | U91: 125.7 | V91: 100.4 | W91: 119.8 | X91: 121.1 | Y91: 118.5 | Z91: 112.9 | AA91: 116.9 | AB91: 123.1 | AC91: 112.8 | AD91: 117 | AE91: 123 | AG91: =AVERAGE(E91:Q91) -> 124.88462 | AH91: 129.2 | AI91: =AVERAGE(V91:X91) -> 113.76667 | AJ91: =AVERAGE(S91:U91) -> 124.7 | AK91: =AVERAGE(Y91:AD91) -> 116.86667
A92: 91 | B92: Rural | C92: 2015 | D92: July | E92: 124 | F92: 131.5 | G92: 122 | H92: 128.7 | I92: 113.5 | J92: 133.3 | K92: 140.8 | L92: 133.8 | M92: 94.1 | N92: 123.4 | O92: 121 | P92: 131.7 | Q92: 127.5 | R92: 129.4 | S92: 128.8 | T92: 125.5 | U92: 128.3 | V92: =VLOOKUP($A92,'Impute housing Missing Value'!$A$1:$C$125,3,0) -> 119.9 | W92: 123 | X92: 123 | Y92: 120.8 | Z92: 114.1 | AA92: 118 | AB92: 122.9 | AC92: 112.7 | AD92: 118.1 | AE92: 124.7 | AG92: =AVERAGE(E92:Q92) -> 125.02308 | AH92: 129.4 | AI92: =AVERAGE(V92:X92) -> 121.96667 | AJ92: =AVERAGE(S92:U92) -> 127.53333 | AK92: =AVERAGE(Y92:AD92) -> 117.76667
A93: 92 | B93: Urban | C93: 2015 | D93: July | E93: 123.2 | F93: 134.3 | G93: 119.5 | H93: 127.7 | I93: 106.3 | J93: 132.8 | K93: 153.5 | L93: 149.5 | M93: 85.7 | N93: 131.5 | O93: 118.3 | P93: 131.1 | Q93: 129.5 | R93: 133.1 | S93: 123.5 | T93: 117.9 | U93: 122.7 | V93: 100.4 | W93: 115.3 | X93: 119.5 | Y93: 116 | Z93: 111.5 | AA93: 116.6 | AB93: 125.4 | AC93: 111.7 | AD93: 116.3 | AE93: 122.4 | AG93: =AVERAGE(E93:Q93) -> 126.37692 | AH93: 133.1 | AI93: =AVERAGE(V93:X93) -> 111.73333 | AJ93: =AVERAGE(S93:U93) -> 121.36667 | AK93: =AVERAGE(Y93:AD93) -> 116.25
A94: 93 | B94: Rural+Urban | C94: 2015 | D94: July | E94: 123.7 | F94: 132.5 | G94: 121 | H94: 128.3 | I94: 110.9 | J94: 133.1 | K94: 145.1 | L94: 139.1 | M94: 91.3 | N94: 126.1 | O94: 119.9 | P94: 131.4 | Q94: 128.2 | R94: 130.4 | S94: 126.7 | T94: 122.3 | U94: 126.1 | V94: 100.4 | W94: 120.1 | X94: 121.3 | Y94: 119 | Z94: 112.7 | AA94: 117.2 | AB94: 124.4 | AC94: 112.3 | AD94: 117.2 | AE94: 123.6 | AG94: =AVERAGE(E94:Q94) -> 125.43077 | AH94: 130.4 | AI94: =AVERAGE(V94:X94) -> 113.93333 | AJ94: =AVERAGE(S94:U94) -> 125.03333 | AK94: =AVERAGE(Y94:AD94) -> 117.13333
A95: 94 | B95: Rural | C95: 2015 | D95: August | E95: 124.7 | F95: 131.3 | G95: 121.3 | H95: 128.8 | I95: 114 | J95: 134.2 | K95: 153.6 | L95: 137.9 | M95: 93.1 | N95: 123.9 | O95: 121.5 | P95: 132.5 | Q95: 129.8 | R95: 130.1 | S95: 129.5 | T95: 126.3 | U95: 129 | V95: =VLOOKUP($A95,'Impute housing Missing Value'!$A$1:$C$125,3,0) -> 120.9 | W95: 123.8 | X95: 123.7 | Y95: 121.1 | Z95: 113.6 | AA95: 118.5 | AB95: 123.6 | AC95: 112.5 | AD95: 118.2 | AE95: 126.1 | AG95: =AVERAGE(E95:Q95) -> 126.66154 | AH95: 130.1 | AI95: =AVERAGE(V95:X95) -> 122.8 | AJ95: =AVERAGE(S95:U95) -> 128.26667 | AK95: =AVERAGE(Y95:AD95) -> 117.91667
A96: 95 | B96: Urban | C96: 2015 | D96: August | E96: 123.1 | F96: 131.7 | G96: 118.1 | H96: 128 | I96: 106.8 | J96: 130.1 | K96: 165.5 | L96: 156 | M96: 85.3 | N96: 132.7 | O96: 118.8 | P96: 131.7 | Q96: 131.1 | R96: 134.2 | S96: 123.7 | T96: 118.2 | U96: 122.9 | V96: 100.4 | W96: 115.3 | X96: 120 | Y96: 116.6 | Z96: 109.9 | AA96: 117.2 | AB96: 126.2 | AC96: 112 | AD96: 116.2 | AE96: 123.2 | AG96: =AVERAGE(E96:Q96) -> 127.60769 | AH96: 134.2 | AI96: =AVERAGE(V96:X96) -> 111.9 | AJ96: =AVERAGE(S96:U96) -> 121.6 | AK96: =AVERAGE(Y96:AD96) -> 116.35
A97: 96 | B97: Rural+Urban | C97: 2015 | D97: August | E97: 124.2 | F97: 131.4 | G97: 120.1 | H97: 128.5 | I97: 111.4 | J97: 132.3 | K97: 157.6 | L97: 144 | M97: 90.5 | N97: 126.8 | O97: 120.4 | P97: 132.1 | Q97: 130.3 | R97: 131.2 | S97: 127.2 | T97: 122.9 | U97: 126.6 | V97: 100.4 | W97: 120.6 | X97: 122 | Y97: 119.4 | Z97: 111.7 | AA97: 117.8 | AB97: 125.1 | AC97: 112.3 | AD97: 117.2 | AE97: 124.8 | AG97: =AVERAGE(E97:Q97) -> 126.89231 | AH97: 131.2 | AI97: =AVERAGE(V97:X97) -> 114.33333 | AJ97: =AVERAGE(S97:U97) -> 125.56667 | AK97: =AVERAGE(Y97:AD97) -> 117.25
A98: 97 | B98: Rural | C98: 2015 | D98: September | E98: 125.1 | F98: 131.1 | G98: 120.7 | H98: 129.2 | I98: 114.7 | J98: 132.3 | K98: 158.9 | L98: 142.1 | M98: 92.5 | N98: 125.4 | O98: 121.9 | P98: 132.7 | Q98: 131 | R98: 131 | S98: 130.4 | T98: 126.8 | U98: 129.9 | V98: =VLOOKUP($A98,'Impute housing Missing Value'!$A$1:$C$125,3,0) -> 121.6 | W98: 123.7 | X98: 124.5 | Y98: 121.4 | Z98: 113.8 | AA98: 119.6 | AB98: 124.5 | AC98: 113.7 | AD98: 118.8 | AE98: 127 | AG98: =AVERAGE(E98:Q98) -> 127.50769 | AH98: 131 | AI98: =AVERAGE(V98:X98) -> 123.26667 | AJ98: =AVERAGE(S98:U98) -> 129.03333 | AK98: =AVERAGE(Y98:AD98) -> 118.63333
A99: 98 | B99: Urban | C99: 2015 | D99: September | E99: 123.4 | F99: 129 | G99: 115.6 | H99: 128.3 | I99: 107 | J99: 124 | K99: 168.5 | L99: 165.4 | M99: 86.3 | N99: 134.4 | O99: 119.1 | P99: 132.3 | Q99: 131.5 | R99: 134.7 | S99: 124 | T99: 118.6 | U99: 123.2 | V99: 100.4 | W99: 115.1 | X99: 120.4 | Y99: 117.1 | Z99: 109.1 | AA99: 117.3 | AB99: 126.5 | AC99: 112.9 | AD99: 116.2 | AE99: 123.5 | AG99: =AVERAGE(E99:Q99) -> 128.06154 | AH99: 134.7 | AI99: =AVERAGE(V99:X99) -> 111.96667 | AJ99: =AVERAGE(S99:U99) -> 121.93333 | AK99: =AVERAGE(Y99:AD99) -> 116.51667
A100: 99 | B100: Rural+Urban | C100: 2015 | D100: September | E100: 124.6 | F100: 130.4 | G100: 118.7 | H100: 128.9 | I100: 111.9 | J100: 128.4 | K100: 162.2 | L100: 150 | M100: 90.4 | N100: 128.4 | O100: 120.7 | P100: 132.5 | Q100: 131.2 | R100: 132 | S100: 127.9 | T100: 123.4 | U100: 127.2 | V100: 100.4 | W100: 120.4 | X100: 122.6 | Y100: 119.8 | Z100: 111.3 | AA100: 118.3 | AB100: 125.7 | AC100: 113.4 | AD100: 117.5 | AE100: 125.4 | AG100: =AVERAGE(E100:Q100) -> 127.56154 | AH100: 132 | AI100: =AVERAGE(V100:X100) -> 114.46667 | AJ100: =AVERAGE(S100:U100) -> 126.16667 | AK100: =AVERAGE(Y100:AD100) -> 117.66667
...

Sheet Bucket
A1: Sector
A2: Year
A3: Month
A4: Cereals and products
A5: Meat and fish | E5: Food | G5: Pan, tobacco and intoxicants | I5: Clothing and footwear
A6: Egg | E6: Cereals and products | I6: Clothing
A7: Milk and products | E7: Meat and fish | I7: Footwear
A8: Oils and fats | E8: Egg | I8: Clothing and footwear
A9: Fruits | E9: Milk and products
A10: Vegetables | E10: Oils and fats | G10: House | I10: Others
A11: Pulses and products | E11: Fruits | G11: Housing | I11: Health
A12: Sugar and Confectionery | E12: Vegetables | G12: Fuel and light | I12: Transport and communication
A13: Spices | E13: Pulses and products | G13: Household goods and services | I13: Recreation and amusement
A14: Non-alcoholic beverages | E14: Sugar and Confectionery | I14: Education
A15: Prepared meals, snacks, sweets etc. | E15: Spices | I15: Personal care and effects
A16: Food and beverages | E16: Non-alcoholic beverages | I16: Miscellaneous
A17: Pan, tobacco and intoxicants | E17: Prepared meals, snacks, sweets etc.
A18: Clothing | E18: Food and beverages
A19: Footwear
A20: Clothing and footwear
A21: Housing
A22: Fuel and light
A23: Household goods and services
A24: Health
A25: Transport and communication
A26: Recreation and amusement
A27: Education
A28: Personal care and effects
A29: Miscellaneous
A30: General index

Sheet Impute housing Missing Value
B1: Sector | C1: Housing | F1: Sector | G1: Housing | J1: Sector | K1: Housing | M1: Year | N1: Month
A2: 1 | B2: Rural | C2: 100.3 | F2: Rural+Urban | G2: 100.3 | J2: Urban | K2: 100.3 | M2: 2013 | N2: January
A3: 4 | B3: Rural | C3: 100.4 | F3: Rural+Urban | G3: 100.4 | J3: Urban | K3: 100.4 | M3: 2013 | N3: February
A4: 7 | B4: Rural | C4: 100.4 | F4: Rural+Urban | G4: 100.4 | J4: Urban | K4: 100.4 | M4: 2013 | N4: March
A5: 10 | B5: Rural | C5: 100.5 | F5: Rural+Urban | G5: 100.5 | J5: Urban | K5: 100.5 | M5: 2013 | N5: April
A6: 13 | B6: Rural | C6: 100.5 | F6: Rural+Urban | G6: 100.5 | J6: Urban | K6: 100.5 | M6: 2013 | N6: May
A7: 16 | B7: Rural | C7: 106.6 | F7: Rural+Urban | G7: 106.6 | J7: Urban | K7: 106.6 | M7: 2013 | N7: June
A8: 19 | B8: Rural | C8: 107.7 | F8: Rural+Urban | G8: 107.7 | J8: Urban | K8: 107.7 | M8: 2013 | N8: July
A9: 22 | B9: Rural | C9: 108.9 | F9: Rural+Urban | G9: 108.9 | J9: Urban | K9: 108.9 | M9: 2013 | N9: August
A10: 25 | B10: Rural | C10: 109.7 | F10: Rural+Urban | G10: 109.7 | J10: Urban | K10: 109.7 | M10: 2013 | N10: September
A11: 28 | B11: Rural | C11: 110.5 | F11: Rural+Urban | G11: 110.5 | J11: Urban | K11: 110.5 | M11: 2013 | N11: October
A12: 31 | B12: Rural | C12: 111.1 | F12: Rural+Urban | G12: 111.1 | J12: Urban | K12: 111.1 | M12: 2013 | N12: November
A13: 34 | B13: Rural | C13: 110.7 | F13: Rural+Urban | G13: 110.7 | J13: Urban | K13: 110.7 | M13: 2013 | N13: December
... A88: 259 | B88: Rural | C88: 155.6 | F88: Rural+Urban | G88: 155.6 | J88: Urban | K88: 155.6 | M88: 2020 | N88: April
A89: 262 | B89: Rural | C89: 155.15 | F89: Rural+Urban | G89: 155.15 | J89: Urban | K89: =AVERAGE(K88,K90) -> 155.15 | M89: 2020 | N89: May
A90: 265 | B90: Rural | C90: 154.7 | F90: Rural+Urban | G90: 154.7 | J90: Urban | K90: 154.7 | M90: 2020 | N90: June
A91: 268 | B91: Rural | C91: 154.7 | F91: Rural+Urban | G91: 154.7 | J91: Urban | K91: 154.7 | M91: 2020 | N91: July
A92: 271 | B92: Rural | C92: 155.5 | F92: Rural+Urban | G92: 155.5 | J92: Urban | K92: 155.5 | M92: 2020 | N92: August
A93: 274 | B93: Rural | C93: 156.3 | F93: Rural+Urban | G93: 156.3 | J93: Urban | K93: 156.3 | M93: 2020 | N93: September
A94: 277 | B94: Rural | C94: 156.5 | F94: Rural+Urban | G94: 156.5 | J94: Urban | K94: 156.5 | M94: 2020 | N94: October
A95: 280 | B95: Rural | C95: 158 | F95: Rural+Urban | G95: 158 | J95: Urban | K95: 158 | M95: 2020 | N95: November
A96: 283 | B96: Rural | C96: 158.4 | F96: Rural+Urban | G96: 158.4 | J96: Urban | K96: 158.4 | M96: 2020 | N96: December
A97: 286 | B97: Rural | C97: 157.7 | F97: Rural+Urban | G97: 157.7 | J97: Urban | K97: 157.7 | M97: 2021 | N97: January
A98: 289 | B98: Rural | C98: 159.8 | F98: Rural+Urban | G98: 159.8 | J98: Urban | K98: 159.8 | M98: 2021 | N98: February
A99: 292 | B99: Rural | C99: 159.9 | F99: Rural+Urban | G99: 159.9 | J99: Urban | K99: 159.9 | M99: 2021 | N99: March
A100: 295 | B100: Rural | C100: 161.4 | F100: Rural+Urban | G100: 161.4 | J100: Urban | K100: 161.4 | M100: 2021 | N100: April
A101: 298 | B101: Rural | C101: 161.6 | F101: Rural+Urban | G101: 161.6 | J101: Urban | K101: 161.6 | M101: 2021 | N101: May
... A125: 370 | B125: Rural | C125: 175.6 | F125: Rural+Urban | G125: 175.6 | J125: Urban | K125: 175.6 | M125: 2023 | N125: May

Sheet Question 1st
A1: S. No. | B1: Sector | C1: Year | D1: Month | E1: Cereals and products | F1: Meat and fish | G1: Egg | H1: Milk and products | I1: Oils and fats | J1: Fruits | K1: Vegetables | L1: Pulses and products | M1: Sugar and Confectionery | N1: Spices | O1: Non-alcoholic beverages | P1: Prepared meals, snacks, sweets etc. | Q1: Food and beverages | R1: Pan, tobacco and intoxicants | S1: Clothing | T1: Footwear | U1: Clothing and footwear | V1: Housing | W1: Fuel and light | X1: Household goods and services | Y1: Health | Z1: Transport and communication | AA1: Recreation and amusement | AB1: Education | AC1: Personal care and effects | AD1: Miscellaneous | AE1: General index
A2: 370 | B2: Rural | C2: 2023 | D2: May | E2: 173.2 | F2: 211.5 | G2: 171 | H2: 179.6 | I2: 173.3 | J2: 169 | K2: 148.7 | L2: 174.9 | M2: 121.9 | N2: 221 | O2: 178.7 | P2: 191.1 | Q2: 176.8 | R2: 199.9 | S2: 191.2 | T2: 187.9 | U2: 190.8 | V2: 175.6 | W2: 182.5 | X2: 179.8 | Y2: 187.8 | Z2: 169.7 | AA2: 173.8 | AB2: 180.3 | AC2: 184.9 | AD2: 179.5 | AE2: 179.8
A3: 371 | B3: Urban | C3: 2023 | D3: May | E3: 174.7 | F3: 219.4 | G3: 176.7 | H3: 179.4 | I3: 164.4 | J3: 175.8 | K3: 185 | L3: 176.9 | M3: 124.2 | N3: 211.9 | O3: 165.9 | P3: 197.7 | Q3: 183.1 | R3: 204.2 | S3: 181.3 | T3: 168.1 | U3: 179.3 | V3: 175.6 | W3: 183.4 | X3: 170.1 | Y3: 182.2 | Z3: 160.4 | AA3: 169.2 | AB3: 174.8 | AC3: 185.6 | AD3: 171.6 | AE3: 178.2
A4: 372 | B4: Rural+Urban | C4: 2023 | D4: May | E4: 173.7 | F4: 214.3 | G4: 173.2 | H4: 179.5 | I4: 170 | J4: 172.2 | K4: 161 | L4: 175.6 | M4: 122.7 | N4: 218 | O4: 173.4 | P4: 194.2 | Q4: 179.1 | R4: 201 | S4: 187.3 | T4: 179.7 | U4: 186.2 | V4: 175.6 | W4: 182.8 | X4: 175.2 | Y4: 185.7 | Z4: 164.8 | AA4: 171.2 | AB4: 177.1 | AC4: 185.2 | AD4: 175.7 | AE4: 179.1
C7: Food Bucket | D7: Pan, tobacco and intoxicants | E7: House | F7: Clothing and footwear | G7: Others | I7: Total Category Index
B8: Rural | C8: 176.20769 | D8: 199.9 | E8: 179.3 | F8: 189.96667 | G8: 179.33333 | I8: =SUM(C8:G8) -> 924.70769
A9: Buckets | B9: Urban | C9: 179.62308 | D9: 204.2 | E9: 176.36667 | F9: 176.23333 | G9: 173.96667 | I9: =SUM(C9:G9) -> 910.38974
B10: Rural+Urban | C10: 177.45385 | D10: 201 | E10: 177.86667 | F10: 184.4 | G10: 176.61667 | I10: =SUM(C10:G10) -> 917.33718
C15: Food Bucket | D15: =C8/I8*100 -> 19.055502
C16: Pan Tobacco, and Intoxicant | D16: =D8/I8*100 -> 21.617642
A17: Category Contributuion % in Rural | C17: House | D17: =E8/I8*100 -> 19.389911
C18: Clothing | D18: =F8/I8*100 -> 20.543429
C19: Others | D19: =G8/I8*100 -> 19.393516
C22: Food Bucket | D22: =C9/I9*100 -> 19.730349
C23: Pan Tobacco, and Intoxicant | D23: =D9/I9*100 -> 22.429954
A24: Category Contributuion % in Urban | C24: House | D24: =E9/I9*100 -> 19.372655
C25: Clothing | D25: =F9/I9*100 -> 19.35801
C26: Others | D26: =G9/I9*100 -> 19.109032
C29: Food Bucket | D29: =C10/I10*100 -> 19.344452
C30: Pan Tobacco, and Intoxicant | D30: =D10/I10*100 -> 21.911245
A31: Category Contributuion % in Urban | C31: House | D31: =E10/I10*100 -> 19.389454
C32: Clothing | D32: =F10/I10*100 -> 20.10166
C33: Others | D33: =G10/I10*100 -> 19.25319
A44: Insight | B44: In all the sector Pan, Tobacco, and Intoxicant has the highest contribution in CPI.

Sheet Question 2nd
A1: S. No. | B1: Sector | C1: Year | D1: Month | E1: General index | G1: YOY Inflation
A2: 1 | B2: Rural | C2: 2013 | D2: January | E2: 105.1
A3: 2 | B3: Urban | C3: 2013 | D3: January | E3: 104
A4: 3 | B4: Rural+Urban | C4: 2013 | D4: January | E4: 104.6
A5: 4 | B5: Rural | C5: 2013 | D5: February | E5: 105.8
A6: 5 | B6: Urban | C6: 2013 | D6: February | E6: 104.7
A7: 6 | B7: Rural+Urban | C7: 2013 | D7: February | E7: 105.3
A8: 7 | B8: Rural | C8: 2013 | D8: March | E8: 106
A9: 8 | B9: Urban | C9: 2013 | D9: March | E9: 105
A10: 9 | B10: Rural+Urban | C10: 2013 | D10: March | E10: 105.5
A11: 10 | B11: Rural | C11: 2013 | D11: April | E11: 106.4
A12: 11 | B12: Urban | C12: 2013 | D12: April | E12: 105.7
A13: 12 | B13: Rural+Urban | C13: 2013 | D13: April | E13: 106.1
... A147: 146 | B147: Urban | C147: 2017 | D147: January | E147: 127.8
A148: 147 | B148: Rural+Urban | C148: 2017 | D148: January | E148: 130.3 | G148: =(E148-E112)/E112*100 -> 3.1670625
A149: 148 | B149: Rural | C149: 2017 | D149: February | E149: 132.6
A150: 149 | B150: Urban | C150: 2017 | D150: February | E150: 128.2
A151: 150 | B151: Rural+Urban | C151: 2017 | D151: February | E151: 130.6 | G151: =(E151-E115)/E115*100 -> 3.6507937
A152: 151 | B152: Rural | C152: 2017 | D152: March | E152: 132.8
A153: 152 | B153: Urban | C153: 2017 | D153: March | E153: 128.7
A154: 153 | B154: Rural+Urban | C154: 2017 | D154: March | E154: 130.9 | G154: =(E154-E118)/E118*100 -> 3.8888889
A155: 154 | B155: Rural | C155: 2017 | D155: April | E155: 132.9
A156: 155 | B156: Urban | C156: 2017 | D156: April | E156: 129.1
A157: 156 | B157: Rural+Urban | C157: 2017 | D157: April | E157: 131.1 | G157: =(E157-E121)/E121*100 -> 2.9850746
A158: 157 | B158: Rural | C158: 2017 | D158: May | E158: 133.3
A159: 158 | B159: Urban | C159: 2017 | D159: May | E159: 129.3
A160: 159 | B160: Rural+Urban | C160: 2017 | D160: May | E160: 131.4 | G160: =(E160-E124)/E124*100 -> 2.1772939
A161: 160 | B161: Rural | C161: 2017 | D161: June | E161: 133.9
A162: 161 | B162: Urban | C162: 2017 | D162: June | E162: 129.9
A163: 162 | B163: Rural+Urban | C163: 2017 | D163: June | E163: 132 | G163: =(E163-E127)/E127*100 -> 1.4604151
A164: 163 | B164: Rural | C164: 2017 | D164: July | E164: 136.2
A165: 164 | B165: Urban | C165: 2017 | D165: July | E165: 131.8
A166: 165 | B166: Rural+Urban | C166: 2017 | D166: July | E166: 134.2 | G166: =(E166-E130)/E130*100 -> 2.3646072
A167: 166 | B167: Rural | C167: 2017 | D167: August | E167: 137.8
A168: 167 | B168: Urban | C168: 2017 | D168: August | E168: 132.7
A169: 168 | B169: Rural+Urban | C169: 2017 | D169: August | E169: 135.4 | G169: =(E169-E133)/E133*100 -> 3.279939
A170: 169 | B170: Rural | C170: 2017 | D170: September | E170: 137.6
A171: 170 | B171: Urban | C171: 2017 | D171: September | E171: 132.4
A172: 171 | B172: Rural+Urban | C172: 2017 | D172: September | E172: 135.2 | G172: =(E172-E136)/E136*100 -> 3.2849503
A173: 172 | B173: Rural | C173: 2017 | D173: October | E173: 138.3
A174: 173 | B174: Urban | C174: 2017 | D174: October | E174: 133.5
A175: 174 | B175: Rural+Urban | C175: 2017 | D175: October | E175: 136.1 | G175: =(E175-E139)/E139*100 -> 3.5768645
A176: 175 | B176: Rural | C176: 2017 | D176: November | E176: 140
A177: 176 | B177: Urban | C177: 2017 | D177: November | E177: 134.8
A178: 177 | B178: Rural+Urban | C178: 2017 | D178: November | E178: 137.6 | G178: =(E178-E142)/E142*100 -> 4.8780488 | J178: Insight | K178: By seeing the graph we can imply that 2022 has the highest inflation rate.
A179: 178 | B179: Rural | C179: 2017 | D179: December | E179: 139.8
A180: 179 | B180: Urban | C180: 2017 | D180: December | E180: 134.1
A181: 180 | B181: Rural+Urban | C181: 2017 | D181: December | E181: 137.2 | G181: =(E181-E145)/E145*100 -> 5.2147239
A182: 181 | B182: Rural | C182: 2018 | D182: January | E182: 139.3
A183: 182 | B183: Urban | C183: 2018 | D183: January | E183: 134.1
A184: 183 | B184: Rural+Urban | C184: 2018 | D184: January | E184: 136.9 | G184: =(E184-E148)/E148*100 -> 5.0652341
A185: 184 | B185: Rural | C185: 2018 | D185: February | E185: 138.5
A186: 185 | B186: Urban | C186: 2018 | D186: February | E186: 134
A187: 186 | B187: Rural+Urban | C187: 2018 | D187: February | E187: 136.4 | G187: =(E187-E151)/E151*100 -> 4.4410413
A188: 187 | B188: Rural | C188: 2018 | D188: March | E188: 138.7
A189: 188 | B189: Urban | C189: 2018 | D189: March | E189: 134
A190: 189 | B190: Rural+Urban | C190: 2018 | D190: March | E190: 136.5 | G190: =(E190-E154)/E154*100 -> 4.2780749
A191: 190 | B191: Rural | C191: 2018 | D191: April | E191: 139.1
A192: 191 | B192: Urban | C192: 2018 | D192: April | E192: 134.8
A193: 192 | B193: Rural+Urban | C193: 2018 | D193: April | E193: 137.1 | G193: =(E193-E157)/E157*100 -> 4.576659
A194: 193 | B194: Rural | C194: 2018 | D194: May | E194: 139.8
A195: 194 | B195: Urban | C195: 2018 | D195: May | E195: 135.4
A196: 195 | B196: Rural+Urban | C196: 2018 | D196: May | E196: 137.8 | G196: =(E196-E160)/E160*100 -> 4.870624
A197: 196 | B197: Rural | C197: 2018 | D197: June | E197: 140.5
A198: 197 | B198: Urban | C198: 2018 | D198: June | E198: 136.2
A199: 198 | B199: Rural+Urban | C199: 2018 | D199: June | E199: 138.5 | G199: =(E199-E163)/E163*100 -> 4.9242424
A200: 199 | B200: Rural | C200: 2018 | D200: July | E200: 141.8
A201: 200 | B201: Urban | C201: 2018 | D201: July | E201: 137.5
A202: 201 | B202: Rural+Urban | C202: 2018 | D202: July | E202: 139.8 | G202: =(E202-E166)/E166*100 -> 4.1728763
A203: 202 | B203: Rural | C203: 2018 | D203: August | E203: 142.5
A204: 203 | B204: Urban | C204: 2018 | D204: August | E204: 138
A205: 204 | B205: Rural+Urban | C205: 2018 | D205: August | E205: 140.4 | G205: =(E205-E169)/E169*100 -> 3.6927622
A206: 205 | B206: Rural | C206: 2018 | D206: September | E206: 142.1
A207: 206 | B207: Urban | C207: 2018 | D207: September | E207: 138.1
A208: 207 | B208: Rural+Urban | C208: 2018 | D208: September | E208: 140.2 | G208: =(E208-E172)/E172*100 -> 3.6982249
A209: 208 | B209: Rural | C209: 2018 | D209: October | E209: 142.2
A210: 209 | B210: Urban | C210: 2018 | D210: October | E210: 138.9
A211: 210 | B211: Rural+Urban | C211: 2018 | D211: October | E211: 140.8 | G211: =(E211-E175)/E175*100 -> 3.4533431
A212: 211 | B212: Rural | C212: 2018 | D212: November | E212: 142.4
A213: 212 | B213: Urban | C213: 2018 | D213: November | E213: 139
A214: 213 | B214: Rural+Urban | C214: 2018 | D214: November | E214: 140.8 | G214: =(E214-E178)/E178*100 -> 2.3255814
A215: 214 | B215: Rural | C215: 2018 | D215: December | E215: 141.9
A216: 215 | B216: Urban | C216: 2018 | D216: December | E216: 138
A217: 216 | B217: Rural+Urban | C217: 2018 | D217: December | E217: 140.1 | G217: =(E217-E181)/E181*100 -> 2.1137026
A218: 217 | B218: Rural | C218: 2019 | D218: January | E218: 141
A219: 218 | B219: Urban | C219: 2019 | D219: January | E219: 138
A220: 219 | B220: Rural+Urban | C220: 2019 | D220: January | E220: 139.6 | G220: =(E220-E184)/E184*100 -> 1.9722425
A221: 220 | B221: Rural | C221: 2019 | D221: February | E221: 141
A222: 221 | B222: Urban | C222: 2019 | D222: February | E222: 138.6
A223: 222 | B223: Rural+Urban | C223: 2019 | D223: February | E223: 139.9 | G223: =(E223-E187)/E187*100 -> 2.5659824
A224: 223 | B224: Rural | C224: 2019 | D224: March | E224: 141.2
A225: 224 | B225: Urban | C225: 2019 | D225: March | E225: 139.5
A226: 225 | B226: Rural+Urban | C226: 2019 | D226: March | E226: 140.4 | G226: =(E226-E190)/E190*100 -> 2.8571429
A227: 226 | B227: Rural | C227: 2019 | D227: May | E227: 142.4
A228: 227 | B228: Urban | C228: 2019 | D228: May | E228: 141.5
A229: 228 | B229: Rural+Urban | C229: 2019 | D229: May | E229: 142 | G229: =(E229-E193)/E193*100 -> 3.5740336
A230: 229 | B230: Rural | C230: 2019 | D230: June | E230: 143.6
A231: 230 | B231: Urban | C231: 2019 | D231: June | E231: 142.1
A232: 231 | B232: Rural+Urban | C232: 2019 | D232: June | E232: 142.9 | G232: =(E232-E196)/E196*100 -> 3.701016
A233: 232 | B233: Rural | C233: 2019 | D233: July | E233: 144.9
...

Sheet Question 3 -a
A1: Sector | B1: Year | C1: Month | D1: Food Bucket | F1: MOM Inflation
A2: Rural | B2: 2022 | C2: May | D2: 171.29231 | H2: Insight | I2: With the MOM inflation we can see that June 2022 has the heighest inflation and Feburary 2023 has the lowest food inflation.
A3: Urban | B3: 2022 | C3: May | D3: 174.01538
A4: Rural+Urban | B4: 2022 | C4: May | D4: 172.22308
A5: Rural | B5: 2022 | C5: June | D5: 172.94615 | F5: =(D5-D2)/D2*100 -> 0.96551105
A6: Urban | B6: 2022 | C6: June | D6: 175.96154 | F6: =(D6-D3)/D3*100 -> 1.1183803
A7: Rural+Urban | B7: 2022 | C7: June | D7: 173.99231 | F7: =(D7-D4)/D4 -> 0.010272902
A8: Rural | B8: 2022 | C8: July | D8: 173.26923 | F8: =(D8-D5)/D5*100 -> 0.18680781
A9: Urban | B9: 2022 | C9: July | D9: 176.27692 | F9: =(D9-D6)/D6*100 -> 0.17923497
A10: Rural+Urban | B10: 2022 | C10: July | D10: 174.33077 | F10: =(D10-D7)/D7*100 -> 0.19452673
A11: Rural | B11: 2022 | C11: August | D11: 173.52308 | F11: =(D11-D8)/D8*100 -> 0.14650388
A12: Urban | B12: 2022 | C12: August | D12: 176.43846 | F12: =(D12-D9)/D9*100 -> 0.091639029
A13: Rural+Urban | B13: 2022 | C13: August | D13: 174.55385 | F13: =(D13-D10)/D10*100 -> 0.12796188
A14: Rural | B14: 2022 | C14: September | D14: 174.44615 | F14: =(D14-D11)/D11*100 -> 0.53196205
A15: Urban | B15: 2022 | C15: September | D15: 177.41538 | F15: =(D15-D12)/D12*100 -> 0.55369054
A16: Rural+Urban | B16: 2022 | C16: September | D16: 175.45385 | F16: =(D16-D13)/D13*100 -> 0.51560021
A17: Rural | B17: 2022 | C17: October | D17: 175.73077 | F17: =(D17-D14)/D14*100 -> 0.73639651
A18: Urban | B18: 2022 | C18: October | D18: 178.63846 | F18: =(D18-D15)/D15*100 -> 0.68938606
A19: Rural+Urban | B19: 2022 | C19: October | D19: 176.71538 | F19: =(D19-D16)/D16*100 -> 0.71901442
... A40: Rural+Urban | B40: 2023 | C40: May | D40: 177.45385 | F40: =(D40-D37)/D37*100 -> 0.7555905

Sheet Question 3 -b
A1: Sector | B1: Year | C1: Month | D1: Cereals and products | E1: Meat and fish | F1: Egg | G1: Milk and products | H1: Oils and fats | I1: Fruits | J1: Vegetables | K1: Pulses and products | L1: Sugar and Confectionery | M1: Spices | N1: Non-alcoholic beverages | O1: Prepared meals, snacks, sweets etc. | P1: Food and beverages
A2: Rural | B2: 2022 | C2: June | D2: 153.8 | E2: 217.2 | F2: 169.6 | G2: 165.4 | H2: 208.1 | I2: 165.8 | J2: 167.3 | K2: 164.6 | L2: 119.1 | M2: 188.9 | N2: 174.2 | O2: 181.9 | P2: 172.4
A3: Urban | B3: 2022 | C3: June | D3: 157.5 | E3: 223.4 | F3: 172.8 | G3: 166.4 | H3: 188.6 | I3: 174.1 | J3: 211.5 | K3: 163.6 | L3: 121.4 | M3: 183.5 | N3: 159.1 | O3: 186.3 | P3: 179.3
A4: Rural+Urban | B4: 2022 | C4: June | D4: 155 | E4: 219.4 | F4: 170.8 | G4: 165.8 | H4: 200.9 | I4: 169.7 | J4: 182.3 | K4: 164.3 | L4: 119.9 | M4: 187.1 | N4: 167.9 | O4: 183.9 | P4: 174.9
A5: Rural | B5: 2023 | C5: May | D5: 173.2 | E5: 211.5 | F5: 171 | G5: 179.6 | H5: 173.3 | I5: 169 | J5: 148.7 | K5: 174.9 | L5: 121.9 | M5: 221 | N5: 178.7 | O5: 191.1 | P5: 176.8
A6: Urban | B6: 2023 | C6: May | D6: 174.7 | E6: 219.4 | F6: 176.7 | G6: 179.4 | H6: 164.4 | I6: 175.8 | J6: 185 | K6: 176.9 | L6: 124.2 | M6: 211.9 | N6: 165.9 | O6: 197.7 | P6: 183.1
A7: Rural+Urban | B7: 2023 | C7: May | D7: 173.7 | E7: 214.3 | F7: 173.2 | G7: 179.5 | H7: 170 | I7: 172.2 | J7: 161 | K7: 175.6 | L7: 122.7 | M7: 218 | N7: 173.4 | O7: 194.2 | P7: 179.1
F11: Absolute Change in CPI Over the 12 Months
C14: Cereals and products | D14: Meat and fish | E14: Egg | F14: Milk and products | G14: Oils and fats | H14: Fruits | I14: Vegetables | J14: Pulses and products | K14: Sugar and Confectionery | L14: Spices | M14: Non-alcoholic beverages | N14: Prepared meals, snacks, sweets etc. | O14: Food and beverages
A15: Rural | C15: =D5-D2 -> 19.4 | D15: =E5-E2 -> -5.7 | E15: =F5-F2 -> 1.4 | F15: =G5-G2 -> 14.2 | G15: =H5-H2 -> -34.8 | H15: =I5-I2 -> 3.2 | I15: =J5-J2 -> -18.6 | J15: =K5-K2 -> 10.3 | ... O15: =P5-P2 -> 4.4
A16: Urban | C16: =D6-D3 -> 17.2 | D16: =E6-E3 -> -4 | E16: =F6-F3 -> 3.9 | F16: =G6-G3 -> 13 | G16: =H6-H3 -> -24.2 | H16: =I6-I3 -> 1.7 | I16: =J6-J3 -> -26.5 | J16: =K6-K3 -> 13.3 | ... O16: =P6-P3 -> 3.8
A17: Rural+Urban | C17: =D7-D4 -> 18.7 | D17: =E7-E4 -> -5.1 | E17: =F7-F4 -> 2.4 | F17: =G7-G4 -> 13.7 | G17: =H7-H4 -> -30.9 | H17: =I7-I4 -> 2.5 | I17: =J7-J4 -> -21.3 | J17: =K7-K4 -> 11.3 | ... O17: =P7-P4 -> 4.2
A20: Insight | B20: In all the sector Spices has the highest individual contributor toward inflation.

Sheet Question 4
A1: Sector | B1: Year | C1: Month | D1: Fuel and light | E1: MOM | G1: Household goods and services | H1: MOM | J1: Health | K1: MOM | M1: Food Bucket | N1: MOM | P1: General index
A2: Rural | B2: 2019 | C2: January | D2: 146.2 | G2: 150.1 | J2: 149.6 | M2: 135.35385 | P2: 141
A3: Urban | B3: 2019 | C3: January | D3: 128.6 | G3: 136.3 | J3: 137.8 | M3: 134.17692 | P3: 138
A4: Rural+Urban | B4: 2019 | C4: January | D4: 139.5 | G4: 143.6 | J4: 145.1 | M4: 134.87692 | P4: 139.6
A5: Rural | B5: 2019 | C5: February | D5: 145.3 | E5: =(D5-D2)/D2*100 -> -0.61559508 | G5: 150.1 | H5: =(G5-G2)/G2*100 -> 0 | J5: 149.9 | K5: =(J5-J2)/J2*100 -> 0.20053476 | M5: 135.36923 | N5: =(M5-M2)/M2*100 -> 0.01136622 | P5: 141
A6: Urban | B6: 2019 | C6: February | D6: 127.1 | E6: =(D6-D3)/D3*100 -> -1.1664075 | G6: 136.6 | H6: =(G6-G3)/G3*100 -> 0.22010271 | J6: 138.5 | K6: =(J6-J3)/J3*100 -> 0.50798258 | M6: 134.95385 | N6: =(M6-M3)/M3*100 -> 0.57902884 | P6: 138.6
A7: Rural+Urban | B7: 2019 | C7: February | D7: 138.4 | E7: =(D7-D4)/D4*100 -> -0.78853047 | G7: 143.7 | H7: =(G7-G4)/G4*100 -> 0.069637883 | J7: 145.6 | K7: =(J7-J4)/J4*100 -> 0.34458994 | M7: 135.16154 | N7: =(M7-M4)/M4*100 -> 0.21101859 | P7: 139.9
A8: Rural | B8: 2019 | C8: March | D8: 146.4 | E8: =(D8-D5)/D5*100 -> 0.75705437 | G8: 150 | H8: =(G8-G5)/G5*100 -> -0.066622252 | J8: 150.4 | K8: =(J8-J5)/J5*100 -> 0.3335557 | M8: 135.47692 | N8: =(M8-M5)/M5*100 -> 0.079554495 | P8: 141.2
A9: Urban | B9: 2019 | C9: March | D9: 128.8 | E9: =(D9-D6)/D6*100 -> 1.3375295 | G9: 136.8 | H9: =(G9-G6)/G6*100 -> 0.14641288 | J9: 139.2 | K9: =(J9-J6)/J6*100 -> 0.50541516 | M9: 136.03077 | N9: =(M9-M6)/M6*100 -> 0.79799362 | P9: 139.5
A10: Rural+Urban | B10: 2019 | C10: March | D10: 139.7 | E10: =(D10-D7)/D7*100 -> 0.93930636 | G10: 143.8 | H10: =(G10-G7)/G7*100 -> 0.069589422 | J10: 146.2 | K10: =(J10-J7)/J7*100 -> 0.41208791 | M10: 135.60769 | N10: =(M10-M7)/M7*100 -> 0.33008935 | P10: 140.4
A11: Rural | B11: 2019 | C11: May | D11: 146.9 | E11: =(D11-D8)/D8*100 -> 0.34153005 | G11: 149.5 | H11: =(G11-G8)/G8*100 -> -0.33333333 | J11: 151.3 | K11: =(J11-J8)/J8*100 -> 0.59840426 | M11: 137.08462 | N11: =(M11-M8)/M8*100 -> 1.1866909 | P11: 142.4
A12: Urban | B12: 2019 | C12: May | D12: 129.4 | E12: =(D12-D9)/D9*100 -> 0.46583851 | G12: 137.2 | H12: =(G12-G9)/G9*100 -> 0.29239766 | J12: 139.8 | K12: =(J12-J9)/J9*100 -> 0.43103448 | M12: 139.34615 | N12: =(M12-M9)/M9*100 -> 2.4372314 | P12: 141.5
A13: Rural+Urban | B13: 2019 | C13: May | D13: 140.3 | E13: =(D13-D10)/D10*100 -> 0.42949177 | G13: 143.7 | H13: =(G13-G10)/G10*100 -> -0.069541029 | J13: 146.9 | K13: =(J13-J10)/J10*100 -> 0.47879617 | M13: 137.83846 | N13: =(M13-M10)/M10*100 -> 1.6450167 | P13: 142
A14: Rural | B14: 2019 | C14: June | D14: 147.8 | E14: =(D14-D11)/D11*100 -> 0.61266167 | G14: 149.6 | H14: =(G14-G11)/G11*100 -> 0.066889632 | J14: 151.7 | K14: =(J14-J11)/J11*100 -> 0.26437541 | M14: 138.78462 | N14: =(M14-M11)/M11*100 -> 1.24011 | P14: 143.6
A15: Urban | B15: 2019 | C15: June | D15: 130.5 | E15: =(D15-D12)/D12*100 -> 0.85007728 | G15: 137.4 | H15: =(G15-G12)/G12*100 -> 0.14577259 | J15: 140.3 | K15: =(J15-J12)/J12*100 -> 0.35765379 | M15: 141.02308 | N15: =(M15-M12)/M12*100 -> 1.2034226 | P15: 142.1
A16: Rural+Urban | B16: 2019 | C16: June | D16: 141.2 | E16: =(D16-D13)/D13*100 -> 0.64148254 | G16: 143.8 | H16: =(G16-G13)/G13*100 -> 0.069589422 | J16: 147.4 | K16: =(J16-J13)/J13*100 -> 0.3403676 | M16: 139.54615 | N16: =(M16-M13)/M13*100 -> 1.2389084 | P16: 142.9
... A40: Rural+Urban | B40: 2020 | C40: February | D40: 147.2 | E40: =(D40-D37)/D37*100 -> 1.7980636 | G40: 146.4 | H40: =(G40-G37)/G37*100 -> 0.13679891 | J40: 151.7 | K40: =(J40-J37)/J37*100 -> 0.33068783 | M40: 147.04615 | N40: =(M40-M37)/M37*100 -> -1.4842301 | P40: 149.1
A41: Rural | B41: 2020 | C41: March | D41: 153.4 | G41: 151.5 | J41: 156.7 | M41: 145.73846 | P41: 149.8
A42: Urban | B42: 2020 | C42: March | D42: 141.4 | G42: 140.8 | J42: 145 | M42: 146.03846 | P42: 147.3
A43: Rural+Urban | B43: 2020 | C43: March | D43: 148.9 | G43: 146.4 | J43: 152.3 | M43: 145.8 | P43: 148.6
A44: Rural | B44: 2020 | C44: April | D44: 148.4 | E44: =(D44-D41)/D41*100 -> -3.2594524 | G44: 151.54444 | H44: =(G44-G41)/G41*100 -> 0.029336267 | J44: 154.3 | K44: =(J44-J41)/J41*100 -> -1.531589 | M44: 150.14103 | N44: =(M44-M41)/M41*100 -> 3.0208663 | P44: 150.44444
A45: Urban | B45: 2020 | C45: April | D45: 137.1 | E45: =(D45-D42)/D42*100 -> -3.0410184 | G45: 140.4 | H45: =(G45-G42)/G42*100 -> -0.28409091 | J45: 144.8 | K45: =(J45-J42)/J42*100 -> -0.13793103 | M45: 151.84615 | N45: =(M45-M42)/M42*100 -> 3.9768238 | P45: 148.46667
A46: Rural+Urban | B46: 2020 | C46: April | D46: 144.1 | E46: =(D46-D43)/D43*100 -> -3.22364 | G46: 146.4 | H46: =(G46-G43)/G43*100 -> 0 | J46: 150.7 | K46: =(J46-J43)/J43*100 -> -1.0505581 | M46: 150.66154 | N46: =(M46-M43)/M43*100 -> 3.3343885 | P46: 149.66667
A47: Rural | B47: 2020 | C47: May | D47: 146.65 | E47: =(D47-D44)/D44*100 -> -1.1792453 | G47: 151.63333 | H47: =(G47-G44)/G44*100 -> 0.058655327 | J47: 156.25 | K47: =(J47-J44)/J44*100 -> 1.2637719 | M47: 150.03974 | N47: =(M47-M44)/M44*100 -> -0.067457946 | P47: 151.73333
A48: Urban | B48: 2020 | C48: May | D48: 137.1 | E48: =(D48-D45)/D45*100 -> 0 | G48: 140.53333 | H48: =(G48-G45)/G45*100 -> 0.094966762 | J48: 146.45 | K48: =(J48-J45)/J45*100 -> 1.1395028 | M48: 152.65385 | N48: =(M48-M45)/M45*100 -> 0.53191489 | P48: 149.63333
A49: Rural+Urban | B49: 2020 | C49: May | D49: 143 | E49: =(D49-D46)/D46*100 -> -0.76335878 | G49: 146.4 | H49: =(G49-G46)/G46*100 -> 0 | J49: 152.55 | K49: =(J49-J46)/J46*100 -> 1.2276045 | M49: 150.97692 | N49: =(M49-M46)/M46*100 -> 0.2093332 | P49: 150.73333
A50: Rural | B50: 2020 | C50: June | D50: 144.9 | E50: =(D50-D47)/D47*100 -> -1.1933174 | G50: 151.7 | H50: =(G50-G47)/G47*100 -> 0.043965707 | J50: 158.2 | K50: =(J50-J47)/J47*100 -> 1.248 | M50: 150.07692 | N50: =(M50-M47)/M47*100 -> 0.024779759 | P50: 152.7
A51: Urban | B51: 2020 | C51: June | D51: 137.1 | E51: =(D51-D48)/D48*100 -> 0 | G51: 140.4 | H51: =(G51-G48)/G48*100 -> -0.09487666 | J51: 148.1 | K51: =(J51-J48)/J48*100 -> 1.1266644 | M51: 153.46154 | N51: =(M51-M48)/M48*100 -> 0.52910053 | P51: 150.8
A52: Rural+Urban | B52: 2020 | C52: June | D52: 141.9 | E52: =(D52-D49)/D49*100 -> -0.76923077 | G52: 146.4 | H52: =(G52-G49)/G49*100 -> 0 | J52: 154.4 | K52: =(J52-J49)/J49*100 -> 1.2127171 | M52: 151.29231 | N52: =(M52-M49)/M49*100 -> 0.20889591 | P52: 151.8
A53: Rural | B53: 2020 | C53: July | D53: 144.9 | E53: =(D53-D50)/D50*100 -> 0 | G53: 151.7 | H53: =(G53-G50)/G50*100 -> 0 | J53: 158.2 | K53: =(J53-J50)/J50*100 -> 0 | M53: 150.07692 | N53: =(M53-M50)/M50*100 -> 0 | P53: 152.7
A54: Urban | B54: 2020 | C54: July | D54: 137.1 | E54: =(D54-D51)/D51*100 -> 0 | G54: 140.4 | H54: =(G54-G51)/G51*100 -> 0 | J54: 148.1 | K54: =(J54-J51)/J51*100 -> 0 | M54: 153.46154 | N54: =(M54-M51)/M51*100 -> 0 | P54: 150.8
A55: Rural+Urban | B55: 2020 | C55: July | D55: 141.9 | E55: =(D55-D52)/D52*100 -> 0 | G55: 146.4 | H55: =(G55-G52)/G52*100 -> 0 | J55: 154.4 | K55: =(J55-J52)/J52*100 -> 0 | M55: 151.29231 | N55: =(M55-M52)/M52*100 -> 0 | P55: 151.8
... A70: Rural+Urban | B70: 2020 | C70: December | D70: 144.6 | E70: =(D70-D67)/D67*100 -> 0.69637883 | G70: 149.7 | H70: =(G70-G67)/G67*100 -> 0.33512064 | J70: 158.3 | K70: =(J70-J67)/J67*100 -> 0.69974555 | M70: 162.23846 | N70: =(M70-M67)/M67*100 -> 0.64420691 | P70: 158.9
B73: Rural | G73: Urban | L73: Rural +Urban
B74: Fuel | C74: Household | D74: Health | E74: Food | G74: Fuel | H74: Household | I74: Health | J74: Food | L74: Fuel | M74: Household | N74: Health | O74: Food
A75: Average MOM Inflation Range of Pre Covid | B75: =AVERAGE(E5:E38) -> 0.37663472 | C75: =AVERAGE(H5:H38) -> 0.16702645 | D75: =AVERAGE(K5:K38) -> 0.37419458 | E75: =AVERAGE(N5:N38) -> 0.8667614 | G75: =AVERAGE(E6:E39) -> 0.47746785 | H75: =AVERAGE(H6:H39) -> 0.17332447 | I75: =AVERAGE(K6:K39) -> 0.38056844 | J75: =AVERAGE(N6:N39) -> 0.82288547 | L75: =AVERAGE(E7:E40) -> 0.56465818 | M75: =AVERAGE(H7:H40) -> 0.17087436 | N75: =AVERAGE(K7:K40) -> 0.37535389 | O75: =AVERAGE(N7:N40) -> 0.76220138
A77: Average MOM Inflation range of Post Covid | B77: =AVERAGE(E44:E68) -> -0.37941913 | C77: =AVERAGE(H44:H68) -> 0.2482559 | D77: =AVERAGE(K44:K68) -> 0.44159407 | E77: =AVERAGE(N44:N68) -> 1.2714132 | G77: =AVERAGE(E45:E69) -> -0.23156107 | H77: =AVERAGE(H45:H69) -> 0.25810932 | I77: =AVERAGE(K45:K69) -> 0.52654184 | J77: =AVERAGE(N45:N69) -> 1.1594435 | L77: =AVERAGE(E46:E70) -> -0.082065176 | M77: =AVERAGE(H46:H70) -> 0.28287779 | N77: =AVERAGE(K46:K70) -> 0.56004891 | O77: =AVERAGE(N46:N70) -> 1.0261388
A96: Insight | B96: While comparing all the three sectors, we can see that Food has the highest inflation in Post Covid.

Sheet Question 5
A3: Crude Oil | G3: Sector | H3: Year | I3: Month | J3: Cereals and products | K3: Meat and fish | L3: Egg | M3: Milk and products | N3: Oils and fats | O3: Fruits | P3: Vegetables | Q3: Pulses and products | R3: Sugar and Confectionery | S3: Spices | T3: Non-alcoholic beverages | U3: Prepared meals, snacks, sweets etc. | V3: Food and beverages | W3: Pan, tobacco and intoxicants | X3: Clothing | Y3: Footwear | Z3: Clothing and footwear | AA3: Housing | AB3: Fuel and light | AC3: Household goods and services | AD3: Health | AE3: Transport and communication | AF3: Recreation and amusement | AG3: Education | AH3: Personal care and effects | AI3: Miscellaneous | AJ3: General index | AM3: Categories | AN3: Area | AO3: Correlation (2021-2023)
A4: Year-Month | B4: Crude Oil Value in Rupees | G4: Rural+Urban | H4: 2021 | I4: January | J4: 144.9 | K4: 190.1 | L4: 175.3 | M4: 154.1 | N4: 150.9 | O4: 149.6 | P4: 194.2 | Q4: 160.4 | R4: 114.6 | S4: 164 | T4: 151.8 | U4: 165.6 | V4: 161 | W4: 186.5 | X4: 155.5 | Y4: 146.1 | Z4: 154.2 | AA4: 157.7 | AB4: 147.9 | AC4: 150 | AD4: 159.3 | AE4: 141.9 | AF4: 149.6 | AG4: 159.2 | AH4: 156.8 | AI4: 151.9 | AJ4: 157.3 | AM4: Cereals and products | AN4: Rural + Urban | AO4: 0.44017676
A5: =_xlfn.CONCAT(I4," ",H4) -> January 2021 | B5: 66695.479 | G5: Rural+Urban | H5: 2021 | I5: February | J5: 144.3 | K5: 186.5 | L5: 168.7 | M5: 154.7 | N5: 158.7 | O5: 150.7 | P5: 160 | Q5: 158.8 | R5: 112.8 | S5: 164.2 | T5: 155.5 | U5: 167.5 | V5: 156.9 | W5: 188.3 | X5: 157.2 | Y5: 147.4 | Z5: 155.8 | AA5: 159.8 | AB5: 152.4 | AC5: 150.9 | AD5: 161.3 | AE5: 145.1 | AF5: 151.5 | AG5: 159.5 | AH5: 155.8 | AI5: 153.4 | AJ5: 156.6 | AM5: Meat and fish | AN5: Rural + Urban | AO5: 0.79268638
A6: =_xlfn.CONCAT(I5," ",H5) -> February 2021 | B6: 60965.591 | G6: Rural+Urban | H6: 2021 | I6: March | J6: 144.1 | K6: 192.2 | L6: 163.8 | M6: 154.9 | N6: 163.9 | O6: 153.7 | P6: 149.5 | Q6: 159.8 | R6: 112.6 | S6: 163.5 | T6: 156.5 | U6: 168.2 | V6: 156.7 | W6: 188.1 | X6: 157.8 | Y6: 147.9 | Z6: 156.4 | AA6: 159.9 | AB6: 155.5 | AC6: 151.2 | AD6: 161.7 | AE6: 146.2 | AF6: 152.6 | AG6: 160.2 | AH6: 153.8 | AI6: 153.8 | AJ6: 156.8 | AM6: Egg | AN6: Rural + Urban | AO6: -0.083230118
A7: =_xlfn.CONCAT(I6," ",H6) -> March 2021 | B7: 75470.774 | G7: Rural+Urban | H7: 2021 | I7: April | J7: 144.3 | K7: 198 | L7: 164.6 | M7: 155.4 | N7: 170.1 | O7: 164.4 | P7: 144.1 | Q7: 161.7 | R7: 113.1 | S7: 163.9 | T7: 157.6 | U7: 168.9 | V7: 158 | W7: 188.8 | X7: 158.8 | Y7: 148.5 | Z7: 157.3 | AA7: 161.4 | AB7: 155.6 | AC7: 151.8 | AD7: 162.3 | AE7: 146.6 | AF7: 153.2 | AG7: 160.3 | AH7: 155.4 | AI7: 154.4 | AJ7: 157.8 | AM7: Milk and products | AN7: Rural + Urban | AO7: 0.52801216
A8: =_xlfn.CONCAT(I7," ",H7) -> April 2021 | B8: 74207.645 | G8: Rural+Urban | H8: 2021 | I8: May | J8: 146.3 | K8: 200.5 | L8: 170.3 | M8: 156.1 | N8: 178.7 | O8: 167.1 | P8: 147.9 | Q8: 165.4 | R8: 114.8 | S8: 168.2 | T8: 159.3 | U8: 170.4 | V8: 160.7 | W8: 191.9 | X8: 161.8 | Y8: 152.1 | Z8: 160.4 | AA8: 161.6 | AB8: 159.4 | AC8: 154.7 | AD8: 165.8 | AE8: 148.9 | AF8: 155.8 | AG8: 161.2 | AH8: 158.6 | AI8: 156.8 | AJ8: 160.4 | AM8: Oils and fats | AN8: Rural + Urban | AO8: 0.75137563
A9: =_xlfn.CONCAT(I8," ",H8) -> May 2021 | B9: 70046.397 | G9: Rural+Urban | H9: 2021 | I9: June | J9: 146.7 | K9: 202 | L9: 180.7 | M9: 156.2 | N9: 183.7 | O9: 164.6 | P9: 155.4 | Q9: 166 | R9: 115.1 | S9: 168.5 | T9: 160 | U9: 172.4 | V9: 162.6 | W9: 190.8 | X9: 162.2 | Y9: 151.8 | Z9: 160.7 | AA9: 160.5 | AB9: 159.8 | AC9: 154.8 | AD9: 166.3 | AE9: 150.7 | AF9: 154.9 | AG9: 161.7 | AH9: 158.8 | AI9: 157.6 | AJ9: 161.3 | AM9: Fruits | AN9: Rural + Urban | AO9: 0.52580195
A10: =_xlfn.CONCAT(I9," ",H9) -> June 2021 | B10: 71679.349 | G10: Rural+Urban | H10: 2021 | I10: July | J10: 146.4 | K10: 206.8 | L10: 182.2 | M10: 157.5 | N10: 182.1 | O10: 163.9 | P10: 164.2 | Q10: 164 | R10: 114.5 | S10: 168.3 | T10: 160.9 | U10: 172.2 | V10: 164 | W10: 191.2 | X10: 162.8 | Y10: 153.1 | Z10: 161.4 | AA10: 161.5 | AB10: 160.7 | AC10: 155.8 | AD10: 167 | AE10: 153.1 | AF10: 155.3 | AG10: 163.2 | AH10: 160.1 | AI10: 159 | AJ10: 162.5 | AM10: Vegetables | AN10: Rural + Urban | AO10: 0.32851586
A11: =_xlfn.CONCAT(I10," ",H10) -> July 2021 | B11: 72860.439 | G11: Rural+Urban | H11: 2021 | I11: August | J11: 146.6 | K11: 204 | L11: 172.8 | M11: 158.4 | N11: 188 | O11: 156.8 | P11: 162.2 | Q11: 164.1 | R11: 119.7 | S11: 168.8 | T11: 162.7 | U11: 173.9 | V11: 164 | W11: 192.1 | X11: 164.5 | Y11: 155.3 | Z11: 163.2 | AA11: 162.1 | AB11: 162.6 | AC11: 157.5 | AD11: 168.4 | AE11: 154 | AF11: 157.6 | AG11: 163.8 | AH11: 160 | AI11: 160 | AJ11: 163.2 | AM11: Pulses and products | AN11: Rural + Urban | AO11: 0.32272832
A12: =_xlfn.CONCAT(I11," ",H11) -> August 2021 | B12: 80983.016 | G12: Rural+Urban | H12: 2021 | I12: September | J12: 146.6 | K12: 204 | L12: 172.8 | M12: 158.4 | N12: 188 | O12: 156.7 | P12: 162.3 | Q12: 164.1 | R12: 119.7 | S12: 168.8 | T12: 162.7 | U12: 173.9 | V12: 164 | W12: 192.1 | X12: 164.6 | Y12: 155.3 | Z12: 163.3 | AA12: 162.1 | AB12: 162.6 | AC12: 157.5 | AD12: 168.4 | AE12: 154 | AF12: 157.7 | AG12: 163.7 | AH12: 160 | AI12: 160 | AJ12: 163.2 | AM12: Sugar and Confectionery | AN12: Rural + Urban | AO12: 0.60898859
A13: =_xlfn.CONCAT(I12," ",H12) -> September 2021 | B13: 83035.174 | G13: Rural+Urban | H13: 2021 | I13: October | J13: 147.4 | K13: 204.6 | L13: 171.2 | M13: 158.7 | N13: 190.6 | O13: 155.7 | P13: 185.3 | Q13: 165.2 | R13: 121.9 | S13: 169.3 | T13: 163.2 | U13: 174.7 | V13: 167.7 | W13: 192.7 | X13: 165.7 | Y13: 156.3 | Z13: 164.3 | AA13: 163.6 | AB13: 164.2 | AC13: 158.4 | AD13: 169.1 | AE13: 155.7 | AF13: 158.6 | AG13: 163.9 | AH13: 160.8 | AI13: 161 | AJ13: 165.5 | AM13: Spices | AN13: Rural + Urban | AO13: 0.51253297
A14: =_xlfn.CONCAT(I13," ",H13) -> October 2021 | B14: 91471.514 | G14: Rural+Urban | H14: 2021 | I14: November | J14: 148.2 | K14: 201.6 | L14: 173 | M14: 159.3 | N14: 190.1 | O14: 156.5 | P14: 199.2 | Q14: 165.3 | R14: 122.4 | S14: 169.6 | T14: 163.7 | U14: 175.5 | V14: 169.7 | W14: 192.9 | X14: 167.2 | Y14: 157.4 | Z14: 165.8 | AA14: 164.2 | AB14: 163.9 | AC14: 159.3 | AD14: 169.9 | AE14: 154.8 | AF14: 159.8 | AG14: 164.3 | AH14: 162.2 | AI14: 161.4 | AJ14: 166.7 | AM14: Non-alcoholic beverages | AN14: Rural + Urban | AO14: 0.67587167
A15: =_xlfn.CONCAT(I14," ",H14) -> November 2021 | B15: 95105.452 | G15: Rural+Urban | H15: 2021 | I15: December | J15: 148.7 | K15: 198.8 | L15: 177.9 | M15: 159.9 | N15: 187.6 | O15: 154.9 | P15: 188.3 | Q15: 164.4 | R15: 121 | S15: 170.5 | T15: 164.2 | U15: 176.5 | V15: 168.2 | W15: 192.4 | X15: 168.5 | Y15: 158.7 | Z15: 167 | AA15: 163.4 | AB15: 164.1 | AC15: 160.2 | AD15: 170.6 | AE15: 155.7 | AF15: 160.6 | AG15: 164.4 | AH15: 162.6 | AI15: 162 | AJ15: 166.2 | AM15: Prepared meals, snacks, sweets etc. | AN15: Rural + Urban | AO15: 0.63554888
A16: =_xlfn.CONCAT(I15," ",H15) -> December 2021 | B16: 100380.53 | G16: Rural+Urban | H16: 2022 | I16: January | J16: 149.5 | K16: 198.7 | L16: 178.8 | M16: 160.5 | N16: 184.7 | O16: 153.7 | P16: 174.3 | Q16: 163.9 | R16: 120 | S16: 172.1 | T16: 164.3 | U16: 177.3 | V16: 166.4 | W16: 192.2 | X16: 169.9 | Y16: 160.7 | Z16: 168.5 | AA16: 164.5 | AB16: 164.2 | AC16: 161.1 | AD16: 171.4 | AE16: 156.5 | AF16: 161.2 | AG16: 164.7 | AH16: 163 | AI16: 162.7 | AJ16: 165.7 | AM16: Food and beverages | AN16: Rural + Urban | AO16: 0.70985767
... A29: =_xlfn.CONCAT(I28," ",H28) -> January 2023 | B29: 108892.97 | G29: Rural+Urban | H29: 2023 | I29: February | J29: 174.4 | K29: 207.7 | L29: 175.2 | M29: 177.3 | N29: 179.3 | O29: 169.5 | P29: 152.7 | Q29: 171 | R29: 120 | S29: 209.7 | T29: 172.3 | U29: 193 | V29: 177 | W29: 199.5 | X29: 186.2 | Y29: 178.7 | Z29: 185.1 | AA29: 173.5 | AB29: 182.1 | AC29: 174.2 | AD29: 184.4 | AE29: 164.2 | AF29: 170.3 | AG29: 175 | AH29: 181 | AI29: 174.1 | AJ29: 177.2 | AM29: Miscellaneous | AN29: Rural + Urban | AO29: 0.67574034
A30: =_xlfn.CONCAT(I29," ",H29) -> February 2023 | B30: 103743.51 | G30: Rural+Urban | H30: 2023 | I30: March | J30: 174.4 | K30: 207.7 | L30: 175.2 | M30: 177.3 | N30: 179.2 | O30: 169.5 | P30: 152.8 | Q30: 171.1 | R30: 120 | S30: 209.7 | T30: 172.3 | U30: 193 | V30: 177 | W30: 199.5 | X30: 186.1 | Y30: 178.7 | Z30: 185.1 | AA30: 173.5 | AB30: 181.9 | AC30: 174.2 | AD30: 184.4 | AE30: 164.2 | AF30: 170.3 | AG30: 175 | AH30: 181 | AI30: 174.1 | AJ30: 177.2
A31: =_xlfn.CONCAT(I30," ",H30) -> March 2023 | B31: 107655.66 | G31: Rural+Urban | H31: 2023 | I31: April | J31: 173.8 | K31: 209.3 | L31: 169.6 | M31: 178.4 | N31: 174.9 | O31: 176.3 | P31: 155.4 | Q31: 173.4 | R31: 121.3 | S31: 212.9 | T31: 172.9 | U31: 193.5 | V31: 177.9 | W31: 200.6 | X31: 186.9 | Y31: 179.2 | Z31: 185.7 | AA31: 175.2 | AB31: 181.7 | AC31: 174.6 | AD31: 185 | AE31: 164.5 | AF31: 170.7 | AG31: 176.4 | AH31: 184 | AI31: 175 | AJ31: 178.1
A32: =_xlfn.CONCAT(I31," ",H31) -> April 2023 | B32: 101450.65 | G32: Rural+Urban | H32: 2023 | I32: May | J32: 173.7 | K32: 214.3 | L32: 173.2 | M32: 179.5 | N32: 170 | O32: 172.2 | P32: 161 | Q32: 175.6 | R32: 122.7 | S32: 218 | T32: 173.4 | U32: 194.2 | V32: 179.1 | W32: 201 | X32: 187.3 | Y32: 179.7 | Z32: 186.2 | AA32: 175.6 | AB32: 182.8 | AC32: 175.2 | AD32: 185.7 | AE32: 164.8 | AF32: 171.2 | AG32: 177.1 | AH32: 185.2 | AI32: 175.7 | AJ32: 179.1
A33: =_xlfn.CONCAT(I32," ",H32) -> May 2023 | B33: 103373.23 | J33: =CORREL(J4:J32,$B$5:$B$33) -> 0.44017676 | K33: =CORREL(K4:K32,$B$5:$B$33) -> 0.79268638 | L33: =CORREL(L4:L32,$B$5:$B$33) -> -0.083230118 | M33: =CORREL(M4:M32,$B$5:$B$33) -> 0.52801216 | N33: =CORREL(N4:N32,$B$5:$B$33) -> 0.75137563 | O33: =CORREL(O4:O32,$B$5:$B$33) -> 0.52580195 | P33: =CORREL(P4:P32,$B$5:$B$33) -> 0.32851586 | Q33: =CORREL(Q4:Q32,$B$5:$B$33) -> 0.32272832 | ... AJ33: =CORREL(AJ4:AJ32,$B$5:$B$33) -> 0.69539564
